CHROM	POS	ID	REF	ALT	QUAL	FILTER	Key	Indiv	gt_AD	gt_AF	gt_DP	gt_F1R2	gt_F2R1	gt_FAD	gt_GQ	gt_GT	gt_PGT	gt_PID	gt_PL	gt_PS	gt_SB	gt_GT_alleles	mut
hg38_knownGene_ENST00000610292.4	319		TCCGAA	T			13	Merged	522,35	0.054	582	196,10	207,10	488,28		0/1/0					290,232,36,24	TCCGAA/T/TCCGAA	319:TCCGAA:T
hg38_knownGene_ENST00000610292.4	334		G	GC			28	Merged	421,61	0.129	519	162,18	160,24	407,64		0/0/0/0/1					235,186,49,49	G/G/G/G/GC	334:G:GC
hg38_knownGene_ENST00000610292.4	381		T	TG			49	Merged	392,46	0.095	438	115,15	129,13	398,42		0|1	0|1	360_T_C		360	211,181,22,24	T|TG	381:T:TG
hg38_knownGene_ENST00000610292.4	441		G	GTTCC			78	Merged	222,55	0.19	277	87,18	86,21	234,54		0|1	0|1	441_G_GTTCC		441	111,111,25,30	G|GTTCC	441:G:GTTCC
hg38_knownGene_ENST00000610292.4	452		C	CG			84	Merged	248,56	0.177	304	95,18	98,20	256,54		0|1	0|1	441_G_GTTCC		441	128,120,26,30	C|CG	452:C:CG
hg38_knownGene_ENST00000610292.4	456		G	GA			87	Merged	264,32	0.102	319	92,11	92,19	251,32		0/0/1					132,132,29,26	G/G/GA	456:G:GA
hg38_knownGene_ENST00000610292.4	595		T	TG			150	Merged	314,50	0.132	364	119,19	126,22	314,47		0|1	0|1	583_A_T		583	167,147,24,26	T|TG	595:T:TG
hg38_knownGene_ENST00000610292.4	604		T	TTA			155	Merged	261,73	0.204	334	91,30	115,20	258,65		0|1	0|1	604_T_TTA		604	130,131,43,30	T|TTA	604:T:TTA
hg38_knownGene_ENST00000610292.4	623		C	CTGATATGCTT			163	Merged	239,46	0.145	285	79,8	104,21	237,43		0|1	0|1	586_C_T		586	121,118,22,24	C|CTGATATGCTT	623:C:CTGATATGCTT
hg38_knownGene_ENST00000610292.4	661		AT	A			176	Merged	187,32	0.157	219	52,5	61,15	178,32		0|1	0|1	579_GC_CT		579	96,91,15,17	AT|A	661:AT:A
hg38_knownGene_ENST00000610292.4	672		C	CGCCTAAATCG			181	Merged	162,45	0.181	207	47,7	57,10	159,34		0|1	0|1	604_T_TTA		604	80,82,22,23	C|CGCCTAAATCG	672:C:CGCCTAAATCG
hg38_knownGene_ENST00000610292.4	712		A	AT			196	Merged	129,52	0.286	181	26,27	36,20	120,48		0|1	0|1	634_T_G		634	63,66,25,27	A|AT	712:A:AT
hg38_knownGene_ENST00000610292.4	737		G	GAGC			207	Merged	125,60	0.292	203	39,29	44,18	123,56		0/0/1					62,63,38,40	G/G/GAGC	737:G:GAGC
hg38_knownGene_ENST00000610292.4	829		CTTT	C			239	Merged	46,13	0.166	84	27,6	13,4	45,15		0/1/0					28,18,21,17	CTTT/C/CTTT	829:CTTT:C
hg38_knownGene_ENST00000610292.4	888		G	GAT			251	Merged	93,14	0.15	107	36,8	41,6	84,14		0|1	0|1	888_G_GAT		888	49,44,5,9	G|GAT	888:G:GAT
hg38_knownGene_ENST00000610292.4	935		TC	TCC			264	Merged	85,38	0.221	170	38,14	35,20	78,36		0/0/0/1					40,45,42,43	TC/TC/TC/TCC	935:TC:TCC
hg38_knownGene_ENST00000610292.4	944		AT	A			268	Merged	156,18	0.082	174	71,4	73,9	155,13		0|1	0|1	941_T_G		941	72,84,11,7	AT|A	944:AT:A
hg38_knownGene_ENST00000610292.4	956		GGAT	G			272	Merged	114,65	0.358	179	46,33	61,24	113,63		0|1	0|1	936_C_T		936	58,56,27,38	GGAT|G	956:GGAT:G
hg38_knownGene_ENST00000610292.4	957		GA	G			273	Merged	32,23	0.179	113	16,5	16,10	34,18		0/1/0					12,20,45,36	GA/G/GA	957:GA:G
hg38_knownGene_ENST00000610292.4	1014		ATCCC	A			292	Merged	204,11	0.062	215	82,4	82,6	197,13		0|1	0|1	1013_A_G		1013	100,104,5,6	ATCCC|A	1014:ATCCC:A
hg38_knownGene_ENST00000610292.4	1017		CCT	C			294	Merged	191,8	0.02	199	81,2	78,1	188,3		0|1	0|1	1017_CCT_C		1017	95,96,2,6	CCT|C	1017:CCT:C
hg38_knownGene_ENST00000610292.4	1100		GAAAGA	G			320	Merged	222,22	0.073	244	81,10	90,5	216,16		0|1	0|1	1066_T_C		1066	103,119,11,11	GAAAGA|G	1100:GAAAGA:G
hg38_knownGene_ENST00000610292.4	1128		AGG	A			331	Merged	232,30	0.093	262	93,9	88,14	233,23		0|1	0|1	1107_G_A		1107	110,122,17,13	AGG|A	1128:AGG:A
hg38_knownGene_ENST00000610292.4	1132		ATTTTC	A			332	Merged	263,16	0.058	279	91,8	98,6	261,15		0|1	0|1	1071_G_T		1071	131,132,7,9	ATTTTC|A	1132:ATTTTC:A
hg38_knownGene_ENST00000610292.4	1178		AGAAT	A			349	Merged	224,13	0.053	237	95,7	82,5	232,12		0/1					114,110,5,8	AGAAT/A	1178:AGAAT:A
hg38_knownGene_ENST00000610292.4	1276		CTA	C			390	Merged	207,14	0.068	221	92,5	88,9	205,14		0|1	0|1	1276_CTA_C		1276	119,88,9,5	CTA|C	1276:CTA:C
hg38_knownGene_ENST00000610292.4	1302		G	GCC			398	Merged	119,30	0.152	198	58,10	50,14	118,29		0/0/1					66,53,48,31	G/G/GCC	1302:G:GCC
hg38_knownGene_ENST00000610292.4	1336		A	ATGGC			412	Merged	148,45	0.235	193	67,15	58,19	142,43		0|1	0|1	1311_C_T		1311	73,75,29,16	A|ATGGC	1336:A:ATGGC
hg38_knownGene_ENST00000610292.4	1386		CTGGT	C			432	Merged	143,20	0.098	163	68,5	50,10	147,15		0|1	0|1	1317_G_A		1317	72,71,9,11	CTGGT|C	1386:CTGGT:C
hg38_knownGene_ENST00000610292.4	1391		A	AG			436	Merged	117,19	0.117	156	55,9	48,10	119,19		0/0/1					59,58,21,18	A/A/AG	1391:A:AG
hg38_knownGene_ENST00000610292.4	1404		CGAAT	C			440	Merged	138,1	0.025	162	56,0	52,0	125,4		0/0/1					69,69,12,12	CGAAT/CGAAT/C	1404:CGAAT:C
hg38_knownGene_ENST00000610292.4	1457		C	CCGCGG			461	Merged	108,25	0.179	133	41,18	55,7	119,25		0|1	0|1	1387_T_C		1387	46,62,14,11	C|CCGCGG	1457:C:CCGCGG
hg38_knownGene_ENST00000610292.4	1476		TGC	T			465	Merged	161,14	0.067	227	61,6	72,8	157,14		0/1/0					82,79,30,36	TGC/T/TGC	1476:TGC:T
hg38_knownGene_ENST00000610292.4	1508		C	CT			473	Merged	62,29	0.326	91	28,14	32,12	61,29		0|1	0|1	1493_T_C		1493	27,35,12,17	C|CT	1508:C:CT
hg38_knownGene_ENST00000610292.4	1545		C	CA			482	Merged	15,25	0.43	60	3,11	10,13	13,25		0/0/1					7,8,20,25	C/C/CA	1545:C:CA
hg38_knownGene_ENST00000610292.4	1555		GCA	G			484	Merged	48,17	0.273	65	17,6	19,8	47,17		0|1	0|1	1493_T_C		1493	23,25,8,9	GCA|G	1555:GCA:G
hg38_knownGene_ENST00000610292.4	1683		C	CT			519	Merged	92,47	0.342	139	41,17	46,28	88,45		0|1	0|1	1600_T_A		1600	42,50,26,21	C|CT	1683:C:CT
hg38_knownGene_ENST00000610292.4	1686		CTTTA	C			520	Merged	105,20	0.119	155	36,11	51,7	101,18		0/1/0					53,52,24,26	CTTTA/C/CTTTA	1686:CTTTA:C
hg38_knownGene_ENST00000610292.4	1691		T	TGG			524	Merged	133,20	0.12	153	53,11	72,7	129,18		0|1	0|1	1613_C_A		1613	70,63,7,13	T|TGG	1691:T:TGG
hg38_knownGene_ENST00000610292.4	1720		G	GATACGTAC			535	Merged	139,18	0.091	201	62,7	68,7	136,18		0/0/1					72,67,28,34	G/G/GATACGTAC	1720:G:GATACGTAC
hg38_knownGene_ENST00000610292.4	1794		GG	GCG			557	Merged	56,21	0.167	126	22,7	26,11	59,21		0/0/1					32,24,38,32	GG/GG/GCG	1794:GG:GCG
hg38_knownGene_ENST00000610292.4	1795		GATTA	G			558	Merged	59,21	0.234	80	23,6	26,11	71,21		0|1	0|1	1767_CC_TT		1767	35,24,12,9	GATTA|G	1795:GATTA:G
hg38_knownGene_ENST00000610292.4	1896		A	AG			576	Merged	26,48	0.609	74	5,9	9,12	26,41		0|1	0|1	1815_T_C		1815	13,13,28,20	A|AG	1896:A:AG
hg38_knownGene_ENST00000610292.4	1901		CA	C			579	Merged	26,46	0.597	72	6,9	9,11	26,39		0|1	0|1	1849_T_C		1849	12,14,27,19	CA|C	1901:CA:C
hg38_knownGene_ENST00000610292.4	1941		CG	C			583	Merged	40,56	0.596	96	15,15	18,16	34,49		0|1	0|1	1815_T_C		1815	19,21,33,23	CG|C	1941:CG:C
hg38_knownGene_ENST00000610292.4	2028		G	GGAA			609	Merged	140,69	0.295	220	60,27	71,32	138,63		0/0/1					68,72,42,38	G/G/GGAA	2028:G:GGAA
hg38_knownGene_ENST00000610292.4	2051		AT	A			618	Merged	184,20	0.088	217	73,8	81,6	179,18		0/1/0					86,98,20,13	AT/A/AT	2051:AT:A
hg38_knownGene_ENST00000610292.4	2078		G	GCA			629	Merged	192,20	0.099	212	73,10	79,10	191,20		0|1	0|1	2078_G_GCA		2078	91,101,11,9	G|GCA	2078:G:GCA
hg38_knownGene_ENST00000610292.4	2080		ACT	A			631	Merged	202,20	0.095	222	74,8	84,10	199,20		0|1	0|1	2078_G_GCA		2078	96,106,11,9	ACT|A	2080:ACT:A
hg38_knownGene_ENST00000610292.4	2090		A	AC			633	Merged	196,18	0.081	232	74,8	82,10	193,18		0/1/0					87,109,25,11	A/AC/A	2090:A:AC
hg38_knownGene_ENST00000610292.4	2215		T	TC			689	Merged	196,25	0.1	221	76,8	70,12	187,20		0|1	0|1	2187_C_T		2187	99,97,14,11	T|TC	2215:T:TC
hg38_knownGene_ENST00000610292.4	2283		G	GCATTTCA			714	Merged	146,25	0.131	171	41,8	42,12	138,20		0|1	0|1	2187_C_T		2187	73,73,14,11	G|GCATTTCA	2283:G:GCATTTCA
hg38_knownGene_ENST00000610292.4	2314		CTGTA	C			722	Merged	165,50	0.193	215	44,13	56,21	158,37		0|1	0|1	2244_G_A		2244	85,80,27,23	CTGTA|C	2314:CTGTA:C
hg38_knownGene_ENST00000610292.4	2318		A	AG			724	Merged	145,13	0.083	158	39,5	49,8	153,13		0|1	0|1	2318_A_AG		2318	74,71,8,5	A|AG	2318:A:AG
hg38_knownGene_ENST00000610292.4	2650		AGATC	A			805	Merged	93,33	0.266	126	44,14	37,18	93,33		0|1	0|1	2607_G_A		2607	45,48,15,18	AGATC|A	2650:AGATC:A
hg38_knownGene_ENST00000610292.4	2710		A	AG			816	Merged	146,33	0.189	179	59,13	63,15	145,33		0|1	0|1	2710_A_AG		2710	77,69,15,18	A|AG	2710:A:AG
hg38_knownGene_ENST00000610292.4	2783		ATC	A			842	Merged	160,50	0.238	210	65,12	66,19	157,48		0|1	0|1	2717_A_G		2717	98,62,24,26	ATC|A	2783:ATC:A
hg38_knownGene_ENST00000610292.4	2804		C	CT			850	Merged	212,24	0.108	236	81,12	87,8	206,24		0|1	0|1	2804_C_CT		2804	119,93,16,8	C|CT	2804:C:CT
hg38_knownGene_ENST00000610292.4	2805		C	CCTATCAAA			851	Merged	215,24	0.106	239	80,13	87,8	209,24		0|1	0|1	2804_C_CT		2804	122,93,16,8	C|CCTATCAAA	2805:C:CCTATCAAA
hg38_knownGene_ENST00000610292.4	2825		T	TA			855	Merged	225,38	0.146	263	91,14	99,8	222,37		0|1	0|1	2825_T_TA		2825	127,98,22,16	T|TA	2825:T:TA
hg38_knownGene_ENST00000610292.4	2883		CATT	C			887	Merged	336,48	0.13	384	119,23	137,23	321,47		0|1	0|1	2816_AA_TG		2816	183,153,18,30	CATT|C	2883:CATT:C
hg38_knownGene_ENST00000610292.4	2895		C	CTA			892	Merged	144,34	0.13	270	59,15	56,15	127,34		0/1/0/0					84,60,72,54	C/CTA/C/C	2895:C:CTA
hg38_knownGene_ENST00000610292.4	2921		G	GTC			907	Merged	198,14	0.044	212	73,3	78,5	195,8		0|1	0|1	2910_T_C		2910	109,89,8,6	G|GTC	2921:G:GTC
hg38_knownGene_ENST00000610292.4	2945		CTTT	C			914	Merged	162,29	0.108	191	55,8	57,7	164,19		0|1	0|1	2919_G_C		2919	82,80,19,10	CTTT|C	2945:CTTT:C
hg38_knownGene_ENST00000610292.4	2964		A	AC			919	Merged	170,21	0.121	191	63,4	57,9	159,21		0|1	0|1	2964_A_AC		2964	90,80,12,9	A|AC	2964:A:AC
hg38_knownGene_ENST00000610292.4	3013		G	GCT			934	Merged	168,41	0.201	209	73,20	75,16	166,41		0|1	0|1	3013_G_GCT		3013	84,84,26,15	G|GCT	3013:G:GCT
hg38_knownGene_ENST00000610292.4	3017		T	TTTGATGA			935	Merged	172,27	0.081	199	81,7	72,7	169,15		0|1	0|1	3017_T_TTTGATGA		3017	93,79,11,16	T|TTTGATGA	3017:T:TTTGATGA
hg38_knownGene_ENST00000610292.4	3054		CCA	C			948	Merged	113,16	0.134	129	42,9	41,5	109,16		0|1	0|1	3044_T_C		3044	61,52,8,8	CCA|C	3054:CCA:C
hg38_knownGene_ENST00000610292.4	3058		T	TTC			949	Merged	59,17	0.14	130	27,10	15,5	49,17		0/1/0					31,28,36,35	T/TTC/T	3058:T:TTC
hg38_knownGene_ENST00000610292.4	3117		CCAGG	C			972	Merged	119,28	0.114	147	45,8	43,5	117,15		0|1	0|1	3017_T_TTTGATGA		3017	61,58,13,15	CCAGG|C	3117:CCAGG:C
hg38_knownGene_ENST00000610292.4	3144		A	AC			977	Merged	111,51	0.325	162	53,13	49,15	105,50		0|1	0|1	3144_A_AC		3144	51,60,26,25	A|AC	3144:A:AC
hg38_knownGene_ENST00000610292.4	3159		TC	T			981	Merged	137,47	0.259	184	65,12	58,14	136,47		0|1	0|1	3144_A_AC		3144	69,68,24,23	TC|T	3159:TC:T
hg38_knownGene_ENST00000610292.4	3239		ATTT	A			1007	Merged	205,15	0.07	220	86,5	92,8	209,15		0|1	0|1	3195_C_T		3195	91,114,4,11	ATTT|A	3239:ATTT:A
hg38_knownGene_ENST00000610292.4	3383		A	ATTATTGATG			1058	Merged	231,21	0.084	252	97,6	81,11	228,20		0|1	0|1	3360_C_T		3360	123,108,11,10	A|ATTATTGATG	3383:A:ATTATTGATG
hg38_knownGene_ENST00000610292.4	3410		T	TTG			1070	Merged	187,55	0.228	242	69,21	63,22	185,54		0|1	0|1	3406_C_T		3406	96,91,35,20	T|TTG	3410:T:TTG
hg38_knownGene_ENST00000610292.4	3430		CA	C			1077	Merged	198,54	0.189	252	78,20	65,12	194,53		0|1	0|1	3380_T_C		3380	111,87,26,28	CA|C	3430:CA:C
hg38_knownGene_ENST00000610292.4	3490		A	AGACCGG			1110	Merged	179,53	0.208	254	68,16	54,7	173,50		0/0/1					101,78,34,41	A/A/AGACCGG	3490:A:AGACCGG
hg38_knownGene_ENST00000610292.4	3512		G	GGGC			1118	Merged	250,6	0.028	256	89,4	61,2	246,6		0|1	0|1	3512_G_GGGC		3512	133,117,4,2	G|GGGC	3512:G:GGGC
hg38_knownGene_ENST00000610292.4	3648		GAGGCT	G			1168	Merged	134,35	0.231	169	45,15	41,11	119,35		0|1	0|1	3621_C_T		3621	62,72,13,22	GAGGCT|G	3648:GAGGCT:G
hg38_knownGene_ENST00000610292.4	3754		GAAAAA	G			1196	Merged	118,14	0.104	142	46,9	37,5	115,14		0/1/0					62,56,11,13	GAAAAA/G/GAAAAA	3754:GAAAAA:G
hg38_knownGene_ENST00000610292.4	3768		G	GAA			1200	Merged	143,10	0.071	153	62,3	54,4	142,10		0/1					73,70,6,4	G/GAA	3768:G:GAA
hg38_knownGene_ENST00000610292.4	3865		A	AC			1233	Merged	295,14	0.048	309	122,5	73,8	300,14		0|1	0|1	3859_A_G		3859	165,130,6,8	A|AC	3865:A:AC
hg38_knownGene_ENST00000610292.4	3945		TAA	T			1261	Merged	255,52	0.17	307	109,22	97,17	248,50		0|1	0|1	3909_T_C		3909	128,127,26,26	TAA|T	3945:TAA:T
hg38_knownGene_ENST00000610292.4	3950		A	AGG			1263	Merged	256,54	0.175	310	108,21	98,19	249,52		0|1	0|1	3909_T_C		3909	130,126,28,26	A|AGG	3950:A:AGG
hg38_knownGene_ENST00000610292.4	4016		T	TAA			1286	Merged	331,36	0.101	367	109,15	114,20	329,36		0|1	0|1	3969_A_C		3969	165,166,14,22	T|TAA	4016:T:TAA
hg38_knownGene_ENST00000610292.4	4024		G	GATCCGA			1290	Merged	333,46	0.122	379	117,13	122,12	338,46		0|1	0|1	3895_A_G		3895	155,178,26,20	G|GATCCGA	4024:G:GATCCGA
hg38_knownGene_ENST00000610292.4	4079		A	AGG			1318	Merged	461,22	0.048	483	160,12	171,10	451,22		0/1					227,234,11,11	A/AGG	4079:A:AGG
hg38_knownGene_ENST00000610292.4	4123		C	CG			1333	Merged	218,48	0.175	266	92,15	89,21	221,46		0|1	0|1	4117_C_T		4117	106,112,28,20	C|CG	4123:C:CG
hg38_knownGene_ENST00000610292.4	4143		CAGAT	C			1345	Merged	153,48	0.236	201	44,24	52,17	154,47		0|1	0|1	4112_T_C		4112	73,80,29,19	CAGAT|C	4143:CAGAT:C
hg38_knownGene_ENST00000610292.4	4149		A	ATTGCG			1348	Merged	206,24	0.084	230	79,8	74,9	207,18		0|1	0|1	4128_G_A		4128	106,100,13,11	A|ATTGCG	4149:A:ATTGCG
hg38_knownGene_ENST00000610292.4	4233		G	GCAGC			1381	Merged	407,41	0.081	514	165,11	161,21	399,40		0/0/0/1					212,195,58,49	G/G/G/GCAGC	4233:G:GCAGC
hg38_knownGene_ENST00000610292.4	4267		G	GCAAAACCCGA			1399	Merged	444,17	0.026	461	155,5	180,6	443,11		0|1	0|1	4267_G_GCAAAACCCGA		4267	228,216,12,5	G|GCAAAACCCGA	4267:G:GCAAAACCCGA
hg38_knownGene_ENST00000610292.4	4279		CT	C			1407	Merged	426,29	0.064	455	149,9	170,11	426,28		0|1	0|1	4246_A_G		4246	220,206,13,16	CT|C	4279:CT:C
hg38_knownGene_ENST00000610292.4	4381		G	GTCGTT			1455	Merged	306,53	0.14	359	121,20	98,22	307,49		0|1	0|1	4331_C_T		4331	158,148,28,25	G|GTCGTT	4381:G:GTCGTT
hg38_knownGene_ENST00000610292.4	4419		CGGGA	C			1472	Merged	404,20	0.034	424	163,4	130,3	404,15		0|1	0|1	4412_A_G		4412	207,197,12,8	CGGGA|C	4419:CGGGA:C
hg38_knownGene_ENST00000610292.4	4508		C	CA			1509	Merged	182,43	0.189	225	76,23	70,11	176,40		0|1	0|1	4500_C_A		4500	90,92,22,21	C|CA	4508:C:CA
hg38_knownGene_ENST00000610292.4	4526		C	CT			1518	Merged	115,40	0.23	169	48,14	39,16	115,40		0/0/1					56,59,27,27	C/C/CT	4526:C:CT
hg38_knownGene_ENST00000610292.4	4549		TAA	T			1526	Merged	102,46	0.277	148	45,11	32,20	102,41		0|1	0|1	4549_TAA_T		4549	60,42,21,25	TAA|T	4549:TAA:T
hg38_knownGene_ENST00000610292.4	4564		C	CAGT			1531	Merged	125,7	0.06	132	50,3	43,4	125,7		0|1	0|1	4564_C_CAGT		4564	66,59,6,1	C|CAGT	4564:C:CAGT
hg38_knownGene_ENST00000610292.4	4579		TCA	T			1538	Merged	113,7	0.061	127	44,3	38,4	112,7		0/0/1					59,54,9,5	TCA/TCA/T	4579:TCA:T
hg38_knownGene_ENST00000610292.4	4582		T	TGC			1541	Merged	121,7	0.062	128	48,3	43,4	120,7		0|1	0|1	4564_C_CAGT		4564	64,57,6,1	T|TGC	4582:T:TGC
hg38_knownGene_ENST00000610292.4	4625		A	AG			1549	Merged	16,68	0.8	84	6,23	5,31	16,67		0/1					11,5,38,30	A/AG	4625:A:AG
hg38_knownGene_ENST00000610292.4	4736		G	GAGT			1569	Merged	86,55	0.332	141	40,11	36,14	86,42		0|1	0|1	4692_A_G		4692	42,44,24,31	G|GAGT	4736:G:GAGT
hg38_knownGene_ENST00000610292.4	4867		T	TG			1584	Merged	35,24	0.203	59	16,4	17,4	34,8		0|1	0|1	4842_A_T		4842	14,21,11,13	T|TG	4867:T:TG
hg38_knownGene_ENST00000610292.4	4869		C	CCG			1586	Merged	13,23	0.54	60	6,10	5,12	11,23		0/0/1					6,7,20,27	C/C/CCG	4869:C:CCG
hg38_knownGene_ENST00000610292.4	4896		C	CCTCGTAATTA			1591	Merged	50,34	0.521	84	15,14	12,18	31,34		0|1	0|1	4882_G_A		4882	22,28,13,21	C|CCTCGTAATTA	4896:C:CCTCGTAATTA
hg38_knownGene_ENST00000610292.4	4916		TC	T			1597	Merged	97,15	0.152	112	36,9	42,6	88,15		0|1	0|1	4910_A_G		4910	46,51,5,10	TC|T	4916:TC:T
hg38_knownGene_ENST00000610292.4	4921		AGT	A			1599	Merged	99,17	0.161	116	41,9	46,7	93,17		0|1	0|1	4910_A_G		4910	50,49,6,11	AGT|A	4921:AGT:A
hg38_knownGene_ENST00000610292.4	5036		T	TTA			1637	Merged	234,20	0.06	254	94,4	67,9	232,14		0/1					119,115,9,11	T/TTA	5036:T:TTA
hg38_knownGene_ENST00000610292.4	5038		A	AG			1639	Merged	242,22	0.086	264	87,13	70,8	242,22		0|1	0|1	5037_C_G		5037	121,121,14,8	A|AG	5038:A:AG
hg38_knownGene_ENST00000610292.4	5213		A	ACGCC			1693	Merged	100,12	0.106	112	38,5	53,6	100,11		0|1	0|1	5177_C_T		5177	60,40,7,5	A|ACGCC	5213:A:ACGCC
hg38_knownGene_ENST00000610292.4	5237		A	AG			1700	Merged	75,28	0.139	115	34,7	34,6	74,13		0/1/0					43,32,23,17	A/AG/A	5237:A:AG
hg38_knownGene_ENST00000610292.4	5324		A	ATT			1728	Merged	171,23	0.123	194	76,9	75,12	170,23		0|1	0|1	5305_G_A		5305	91,80,11,12	A|ATT	5324:A:ATT
hg38_knownGene_ENST00000610292.4	5351		A	ACGCG			1736	Merged	272,25	0.088	297	104,15	123,8	269,25		0|1	0|1	5351_A_ACGCG		5351	124,148,13,12	A|ACGCG	5351:A:ACGCG
hg38_knownGene_ENST00000610292.4	5399		C	CG			1758	Merged	152,14	0.089	166	46,4	57,8	152,14		0/1					65,87,6,8	C/CG	5399:C:CG
hg38_knownGene_ENST00000610292.4	5408		A	AT			1762	Merged	101,25	0.183	148	35,7	38,7	93,25		0/0/1					42,59,19,28	A/A/AT	5408:A:AT
hg38_knownGene_ENST00000610292.4	5446		TG	T			1772	Merged	104,16	0.102	134	38,6	42,5	100,13		0/1/0					37,67,21,9	TG/T/TG	5446:TG:T
hg38_knownGene_ENST00000610292.4	5468		GAGA	G			1780	Merged	109,25	0.193	134	44,11	44,12	108,25		0|1	0|1	5468_GAGA_G		5468	44,65,16,9	GAGA|G	5468:GAGA:G
hg38_knownGene_ENST00000610292.4	5489		G	GTAGA			1785	Merged	85,34	0.224	154	34,16	42,17	83,34		0/0/1					33,52,40,29	G/G/GTAGA	5489:G:GTAGA
hg38_knownGene_ENST00000610292.4	5511		TA	T			1794	Merged	276,28	0.047	304	104,8	113,4	276,13		0/1					146,130,20,8	TA/T	5511:TA:T
hg38_knownGene_ENST00000610292.4	5531		CGT	C			1802	Merged	278,24	0.08	332	102,11	94,12	257,24		0/1/0					151,127,28,26	CGT/C/CGT	5531:CGT:C
hg38_knownGene_ENST00000610292.4	5534		AG	A			1806	Merged	280,24	0.078	338	101,11	98,13	259,24		0/1/0					158,122,23,35	AG/A/AG	5534:AG:A
hg38_knownGene_ENST00000610292.4	5605		A	AGTCAT			1838	Merged	263,14	0.049	277	100,8	105,6	266,14		0/1					135,128,7,7	A/AGTCAT	5605:A:AGTCAT
hg38_knownGene_ENST00000610292.4	5702		AG	A			1871	Merged	493,49	0.092	542	182,17	203,23	472,47		0|1	0|1	5702_AG_A		5702	248,245,22,27	AG|A	5702:AG:A
hg38_knownGene_ENST00000610292.4	5725		TA	T			1887	Merged	458,47	0.09	534	161,16	200,16	455,49		0/1/0					244,214,42,34	TA/T/TA	5725:TA:T
hg38_knownGene_ENST00000610292.4	5733		GCA	G			1895	Merged	540,13	0.015	553	188,2	213,5	528,7		0|1	0|1	5733_GCA_G		5733	284,256,8,5	GCA|G	5733:GCA:G
hg38_knownGene_ENST00000610292.4	5744		G	GGC			1906	Merged	516,33	0.06	549	181,10	206,12	499,31		0|1	0|1	5702_AG_A		5702	278,238,16,17	G|GGC	5744:G:GGC
hg38_knownGene_ENST00000610292.4	5756		C	CCAG			1915	Merged	494,54	0.102	548	172,21	196,18	481,54		0/1					267,227,29,25	C/CCAG	5756:C:CCAG
hg38_knownGene_ENST00000610292.4	5764		CT	C			1923	Merged	494,48	0.087	559	175,14	197,14	490,50		0/1/0					268,226,36,29	CT/C/CT	5764:CT:C
hg38_knownGene_ENST00000610292.4	5804		AAACC	A			1950	Merged	581,34	0.049	615	192,6	213,7	562,28		0|1	0|1	5734_C_T		5734	305,276,17,17	AAACC|A	5804:AAACC:A
hg38_knownGene_ENST00000610292.4	5822		A	AG			1959	Merged	556,60	0.099	616	168,11	196,17	517,56		0|1	0|1	5718_A_G		5718	282,274,28,32	A|AG	5822:A:AG
hg38_knownGene_ENST00000610292.4	5827		TA	T			1963	Merged	525,45	0.08	615	157,11	194,9	493,47		0/0/1					265,260,46,44	TA/TA/T	5827:TA:T
hg38_knownGene_ENST00000610292.4	6012		CCAG	C			2050	Merged	140,24	0.148	164	57,6	56,7	137,23		0|1	0|1	5966_T_C		5966	69,71,14,10	CCAG|C	6012:CCAG:C
hg38_knownGene_ENST00000610292.4	6324		A	AG			2168	Merged	142,27	0.131	187	67,8	51,11	130,22		0/0/1					80,62,26,19	A/A/AG	6324:A:AG
hg38_knownGene_ENST00000610292.4	6348		A	AGT			2179	Merged	193,32	0.148	225	81,18	82,11	181,32		0/1					108,85,20,12	A/AGT	6348:A:AGT
hg38_knownGene_ENST00000610292.4	6368		A	ATT			2187	Merged	175,45	0.21	220	76,13	59,22	184,48		0|1	0|1	6363_C_T		6363	89,86,26,19	A|ATT	6368:A:ATT
hg38_knownGene_ENST00000610292.4	6502		TAAAA	T			2236	Merged	118,42	0.198	160	31,11	57,9	116,28		0|1	0|1	6463_G_T		6463	57,61,23,19	TAAAA|T	6502:TAAAA:T
hg38_knownGene_ENST00000610292.4	6526		CGTG	C			2246	Merged	132,7	0.056	139	38,0	58,6	134,7		0|1	0|1	6509_A_C		6509	76,56,4,3	CGTG|C	6526:CGTG:C
hg38_knownGene_ENST00000610292.4	6545		A	AC			2251	Merged	101,19	0.123	161	26,3	33,14	91,18		0/0/1					58,43,28,32	A/A/AC	6545:A:AC
hg38_knownGene_ENST00000610292.4	6576		G	GA			2262	Merged	173,49	0.22	222	53,19	74,29	173,48		0/1					81,92,27,22	G/GA	6576:G:GA
hg38_knownGene_ENST00000610292.4	6594		A	AG			2271	Merged	246,6	0.028	252	84,0	105,6	241,6		0|1	0|1	6559_A_T		6559	119,127,4,2	A|AG	6594:A:AG
hg38_knownGene_ENST00000610292.4	6600		AG	A			2273	Merged	242,21	0.087	263	78,10	104,10	231,21		0|1	0|1	6587_A_G		6587	119,123,8,13	AG|A	6600:AG:A
hg38_knownGene_ENST00000610292.4	6621		GC	G			2284	Merged	147,21	0.072	287	57,10	77,5	136,19		0/1/0/0					67,80,76,64	GC/G/GC/GC	6621:GC:G
hg38_knownGene_ENST00000610292.4	6621		GC	GTCCTC			2286	Merged	147,46	0.175	287	57,17	77,20	136,47		0/0/0/1					67,80,76,64	GC/GC/GC/GTCCTC	6621:GC:GTCCTC
hg38_knownGene_ENST00000610292.4	6625		T	TA			2290	Merged	220,45	0.172	288	79,17	85,20	206,47		0/0/1					108,112,36,32	T/T/TA	6625:T:TA
hg38_knownGene_ENST00000610292.4	6796		T	TCAAGACGAC			2378	Merged	248,22	0.088	270	81,12	101,9	236,22		0|1	0|1	6710_G_T		6710	124,124,16,6	T|TCAAGACGAC	6796:T:TCAAGACGAC
hg38_knownGene_ENST00000610292.4	6826		GCT	G			2390	Merged	159,23	0.086	212	47,6	54,8	147,17		0/1/0					93,66,24,29	GCT/G/GCT	6826:GCT:G
hg38_knownGene_ENST00000610292.4	6937		C	CCCT			2429	Merged	183,20	0.102	203	79,9	83,9	184,20		0/1					89,94,9,11	C/CCCT	6937:C:CCCT
hg38_knownGene_ENST00000610292.4	7005		A	AG			2446	Merged	187,54	0.23	241	80,18	77,20	180,53		0|1	0|1	6969_C_A		6969	91,96,25,29	A|AG	7005:A:AG
hg38_knownGene_ENST00000610292.4	7052		CAG	C			2451	Merged	137,13	0.091	150	56,9	45,4	138,13		0|1	0|1	7052_CAG_C		7052	70,67,6,7	CAG|C	7052:CAG:C
hg38_knownGene_ENST00000610292.4	7148		T	TA			2471	Merged	89,45	0.338	134	32,31	27,12	89,45		0|1	0|1	7052_CAG_C		7052	50,39,24,21	T|TA	7148:T:TA
hg38_knownGene_ENST00000610292.4	7376		G	GCC			2525	Merged	136,59	0.275	195	56,23	64,23	134,51		0|1	0|1	7362_T_C		7362	62,74,29,30	G|GCC	7376:G:GCC
hg38_knownGene_ENST00000610292.4	7387		C	CT			2532	Merged	193,17	0.077	210	77,9	92,5	190,15		0|1	0|1	7369_C_T		7369	85,108,12,5	C|CT	7387:C:CT
hg38_knownGene_ENST00000610292.4	7392		C	CGT			2536	Merged	131,61	0.252	219	58,23	60,23	129,52		0/0/1					62,69,37,51	C/C/CGT	7392:C:CGT
hg38_knownGene_ENST00000610292.4	7394		CCCAG	C			2537	Merged	172,62	0.239	234	66,23	81,21	170,53		0|1	0|1	7362_T_C		7362	78,94,29,33	CCCAG|C	7394:CCCAG:C
hg38_knownGene_ENST00000610292.4	7414		T	TC			2546	Merged	195,54	0.206	249	80,23	101,19	192,49		0|1	0|1	7362_T_C		7362	89,106,31,23	T|TC	7414:T:TC
hg38_knownGene_ENST00000610292.4	7596		TGG	T			2611	Merged	143,8	0.053	151	58,4	52,3	141,7		0|1	0|1	7569_C_A		7569	74,69,5,3	TGG|T	7596:TGG:T
hg38_knownGene_ENST00000610292.4	7600		ATT	A			2612	Merged	148,8	0.052	156	57,4	52,3	145,7		0|1	0|1	7569_C_A		7569	77,71,5,3	ATT|A	7600:ATT:A
hg38_knownGene_ENST00000610292.4	7655		TAGA	T			2630	Merged	201,10	0.051	211	93,5	77,5	203,10		0|1	0|1	7650_C_T		7650	92,109,5,5	TAGA|T	7655:TAGA:T
hg38_knownGene_ENST00000610292.4	7752		A	ATTGGATGC			2672	Merged	360,45	0.106	405	133,20	135,18	362,42		0|1	0|1	7748_T_A		7748	182,178,22,23	A|ATTGGATGC	7752:A:ATTGGATGC
hg38_knownGene_ENST00000610292.4	7792		A	AAATGGG			2693	Merged	165,13	0.091	178	73,5	69,8	158,15		0|1	0|1	7768_A_T		7768	92,73,7,6	A|AAATGGG	7792:A:AAATGGG
hg38_knownGene_ENST00000610292.4	7835		C	CT			2707	Merged	104,13	0.096	117	41,7	50,3	106,11		0|1	0|1	7785_A_G		7785	58,46,7,6	C|CT	7835:C:CT
hg38_knownGene_ENST00000610292.4	7856		CAG	C			2710	Merged	38,70	0.626	108	15,25	15,27	34,57		0|1	0|1	7856_CAG_C		7856	22,16,39,31	CAG|C	7856:CAG:C
hg38_knownGene_ENST00000610292.4	7901		C	CGCG			2723	Merged	123,20	0.096	143	59,4	47,7	121,12		0/1					66,57,10,10	C/CGCG	7901:C:CGCG
hg38_knownGene_ENST00000610292.4	8001		ATT	A			2752	Merged	581,57	0.095	638	224,25	214,19	552,57		0|1	0|1	7959_C_T		7959	331,250,27,30	ATT|A	8001:ATT:A
hg38_knownGene_ENST00000610292.4	8009		GGTGT	G			2755	Merged	652,20	0.033	672	248,10	231,8	622,20		0|1	0|1	8009_GGTGT_G		8009	361,291,12,8	GGTGT|G	8009:GGTGT:G
hg38_knownGene_ENST00000610292.4	8016		T	TGA			2761	Merged	543,55	0.086	651	198,21	206,16	515,54		0/0/1					299,244,63,45	T/T/TGA	8016:T:TGA
hg38_knownGene_ENST00000610292.4	8132		G	GTCACAA			2821	Merged	412,50	0.097	509	169,19	184,16	414,49		0/0/1					207,205,50,47	G/G/GTCACAA	8132:G:GTCACAA
hg38_knownGene_ENST00000610292.4	8149		C	CCG			2829	Merged	490,59	0.103	549	199,17	212,20	485,55		0|1	0|1	8124_G_T		8124	251,239,26,33	C|CCG	8149:C:CCG
hg38_knownGene_ENST00000610292.4	8158		A	AT			2833	Merged	506,48	0.087	554	191,20	208,21	504,47		0|1	0|1	8147_C_A		8147	248,258,24,24	A|AT	8158:A:AT
hg38_knownGene_ENST00000610292.4	8242		GT	G			2874	Merged	605,42	0.062	703	203,22	215,19	587,42		0/1/0					309,296,54,44	GT/G/GT	8242:GT:G
hg38_knownGene_ENST00000610292.4	8247		T	TG			2877	Merged	635,63	0.085	698	214,26	221,27	631,58		0/1					341,294,24,39	T/TG	8247:T:TG
hg38_knownGene_ENST00000610292.4	8255		A	AC			2886	Merged	627,25	0.037	706	213,13	223,10	621,25		0/0/1					320,307,42,37	A/A/AC	8255:A:AC
hg38_knownGene_ENST00000610292.4	8332		G	GCT			2926	Merged	268,20	0.057	343	114,8	106,9	258,18		0/0/1					128,140,40,35	G/G/GCT	8332:G:GCT
hg38_knownGene_ENST00000610292.4	8405		G	GGC			2957	Merged	269,47	0.155	316	105,11	96,8	266,48		0|1	0|1	8357_G_A		8357	139,130,18,29	G|GGC	8405:G:GGC
hg38_knownGene_ENST00000610292.4	8431		C	CA			2965	Merged	115,27	0.155	142	46,9	41,9	108,19		0|1	0|1	8431_C_CA		8431	48,67,15,12	C|CA	8431:C:CA
hg38_knownGene_ENST00000610292.4	8438		TCGG	T			2966	Merged	105,26	0.159	131	43,9	33,8	99,18		0|1	0|1	8431_C_CA		8431	42,63,15,11	TCGG|T	8438:TCGG:T
hg38_knownGene_ENST00000610292.4	8507		AT	A			2982	Merged	151,20	0.095	171	66,4	63,5	151,15		0|1	0|1	8482_G_A		8482	77,74,8,12	AT|A	8507:AT:A
hg38_knownGene_ENST00000610292.4	8529		A	AGTG			2990	Merged	143,14	0.065	225	71,6	59,7	142,14		0/0/1					80,63,34,48	A/A/AGTG	8529:A:AGTG
hg38_knownGene_ENST00000610292.4	8552		A	ATC			3002	Merged	256,14	0.044	270	96,1	95,6	257,11		0/1					123,133,7,7	A/ATC	8552:A:ATC
hg38_knownGene_ENST00000610292.4	8689		A	ACGT			3059	Merged	294,23	0.05	317	115,9	118,3	290,15		0|1	0|1	8689_A_ACGT		8689	168,126,12,11	A|ACGT	8689:A:ACGT
hg38_knownGene_ENST00000610292.4	8731		C	CCTACATGG			3082	Merged	288,5	0.016	310	104,0	105,4	287,4		0/0/1					152,136,12,10	C/C/CCTACATGG	8731:C:CCTACATGG
hg38_knownGene_ENST00000610292.4	8739		AGTG	A			3087	Merged	284,32	0.1	316	80,22	111,8	286,31		0|1	0|1	8703_T_G		8703	145,139,18,14	AGTG|A	8739:AGTG:A
hg38_knownGene_ENST00000610292.4	8797		GGTC	G			3114	Merged	410,5	0.015	415	144,1	151,4	398,5		0|1	0|1	8792_C_T		8792	213,197,3,2	GGTC|G	8797:GGTC:G
hg38_knownGene_ENST00000610292.4	8858		AAAAAT	A			3161	Merged	406,42	0.086	509	147,19	150,10	384,41		0/1/0					203,203,52,51	AAAAAT/A/AAAAAT	8858:AAAAAT:A
hg38_knownGene_ENST00000610292.4	8880		TG	T			3174	Merged	497,20	0.041	517	199,7	177,12	489,20		0|1	0|1	8880_TG_T		8880	258,239,5,15	TG|T	8880:TG:T
hg38_knownGene_ENST00000610292.4	8889		GTAAT	G			3179	Merged	489,48	0.092	537	183,25	172,20	481,48		0|1	0|1	8805_G_A		8805	248,241,26,22	GTAAT|G	8889:GTAAT:G
hg38_knownGene_ENST00000610292.4	8904		CAGGAA	C			3191	Merged	525,21	0.021	546	192,8	190,5	513,13		0|1	0|1	8876_T_C		8876	271,254,11,10	CAGGAA|C	8904:CAGGAA:C
hg38_knownGene_ENST00000610292.4	8911		T	TAC			3198	Merged	449,23	0.035	523	162,8	163,9	444,17		0/0/1					234,215,36,38	T/T/TAC	8911:T:TAC
hg38_knownGene_ENST00000610292.4	8913		G	GCT			3200	Merged	352,55	0.106	529	128,13	127,16	336,55		0/0/1/0					169,183,103,74	G/G/GCT/G	8913:G:GCT
hg38_knownGene_ENST00000610292.4	8913		G	GA			3201	Merged	352,60	0.11	529	128,22	127,24	336,56		0/0/0/1					169,183,103,74	G/G/G/GA	8913:G:GA
hg38_knownGene_ENST00000610292.4	8914		AGG	A			3202	Merged	446,55	0.105	536	171,13	164,17	440,55		0/1/0					233,213,44,46	AGG/A/AGG	8914:AGG:A
hg38_knownGene_ENST00000610292.4	8930		TG	T			3212	Merged	534,37	0.067	571	201,17	182,19	528,37		0|1	0|1	8880_TG_T		8880	274,260,14,23	TG|T	8930:TG:T
hg38_knownGene_ENST00000610292.4	8983		GC	G			3236	Merged	156,37	0.189	204	65,17	65,18	150,37		0/1/0					67,89,20,28	GC/G/GC	8983:GC:G
hg38_knownGene_ENST00000610292.4	9040		A	AGG			3265	Merged	124,11	0.051	182	45,5	56,4	123,9		0/0/1					50,74,30,28	A/A/AGG	9040:A:AGG
hg38_knownGene_ENST00000610292.4	9044		AAT	A			3266	Merged	123,11	0.053	179	53,5	42,4	120,9		0/1/0					60,63,19,37	AAT/A/AAT	9044:AAT:A
hg38_knownGene_ENST00000610292.4	9077		CTTGGG	C			3280	Merged	139,46	0.254	185	52,18	56,9	138,46		0|1	0|1	9011_C_T		9011	57,82,24,22	CTTGGG|C	9077:CTTGGG:C
hg38_knownGene_ENST00000610292.4	9092		CA	C			3285	Merged	180,10	0.043	190	67,4	71,3	181,8		0|1	0|1	9023_A_T		9023	78,102,4,6	CA|C	9092:CA:C
hg38_knownGene_ENST00000610292.4	9101		CA	C			3289	Merged	156,47	0.238	203	55,18	75,9	157,48		0|1	0|1	9011_C_T		9011	65,91,24,23	CA|C	9101:CA:C
hg38_knownGene_ENST00000610292.4	9149		GT	G			3304	Merged	272,59	0.153	390	111,23	115,17	270,58		0/1/0					143,129,55,63	GT/G/GT	9149:GT:G
hg38_knownGene_ENST00000610292.4	9231		TG	T			3346	Merged	430,38	0.084	468	168,8	157,10	427,38		0|1	0|1	9209_G_A		9209	216,214,16,22	TG|T	9231:TG:T
hg38_knownGene_ENST00000610292.4	9244		T	TG			3353	Merged	418,27	0.034	491	149,5	144,10	412,16		0/0/1					203,215,43,30	T/T/TG	9244:T:TG
hg38_knownGene_ENST00000610292.4	9276		GG	GCAG			3376	Merged	362,36	0.042	493	146,10	140,10	362,20		0/0/0/1					178,184,71,60	GG/GG/GG/GCAG	9276:GG:GCAG
hg38_knownGene_ENST00000610292.4	9277		G	GT			3378	Merged	395,48	0.094	447	170,24	159,17	403,42		0/0/1					200,195,27,25	G/G/GT	9277:G:GT
hg38_knownGene_ENST00000610292.4	9285		G	GC			3382	Merged	460,40	0.082	500	192,11	171,13	458,40		0|1	0|1	9273_G_A		9273	228,232,24,16	G|GC	9285:G:GC
hg38_knownGene_ENST00000610292.4	9301		CCAG	C			3391	Merged	487,4	0.007633	526	193,1	188,2	476,3		0/1/0					242,245,20,19	CCAG/C/CCAG	9301:CCAG:C
hg38_knownGene_ENST00000610292.4	9311		C	CAA			3402	Merged	491,18	0.023	519	184,8	189,3	482,11		0/0/1					255,236,12,16	C/C/CAA	9311:C:CAA
hg38_knownGene_ENST00000610292.4	9366		GGCA	G			3439	Merged	432,40	0.08	568	157,8	155,11	410,44		0/0/1					221,211,62,74	GGCA/GGCA/G	9366:GGCA:G
hg38_knownGene_ENST00000610292.4	9417		T	TC			3470	Merged	574,41	0.066	615	193,17	208,20	568,39		0|1	0|1	9368_C_T		9368	286,288,22,19	T|TC	9417:T:TC
hg38_knownGene_ENST00000610292.4	9565		GA	G			3542	Merged	344,48	0.122	392	142,20	129,19	343,47		0|1	0|1	9544_C_A		9544	184,160,23,25	GA|G	9565:GA:G
hg38_knownGene_ENST00000610292.4	9566		A	AAG			3545	Merged	221,43	0.131	343	80,19	85,13	204,46		0/0/0/1					114,107,70,52	A/A/A/AAG	9566:A:AAG
hg38_knownGene_ENST00000610292.4	9582		T	TC			3551	Merged	324,52	0.151	376	116,21	114,16	297,52		0|1	0|1	9549_G_A		9549	171,153,33,19	T|TC	9582:T:TC
hg38_knownGene_ENST00000610292.4	9700		T	TATAGTGCC			3609	Merged	261,26	0.089	287	100,10	103,10	261,25		0/1					136,125,9,17	T/TATAGTGCC	9700:T:TATAGTGCC
hg38_knownGene_ENST00000610292.4	9783		T	TAGCC			3658	Merged	258,17	0.064	275	113,7	106,8	264,17		0|1	0|1	9773_T_C		9773	135,123,7,10	T|TAGCC	9783:T:TAGCC
hg38_knownGene_ENST00000610292.4	9794		G	GC			3666	Merged	246,8	0.032	278	109,5	94,3	247,8		0/1/0					123,123,18,14	G/GC/G	9794:G:GC
hg38_knownGene_ENST00000610292.4	9822		CAAT	C			3681	Merged	349,22	0.06	371	145,9	130,11	349,22		0|1	0|1	9822_CAAT_C		9822	184,165,10,12	CAAT|C	9822:CAAT:C
hg38_knownGene_ENST00000610292.4	9845		A	AATCAGCGGCC			3688	Merged	177,24	0.111	220	75,8	74,11	180,24		0/0/1					87,90,26,17	A/A/AATCAGCGGCC	9845:A:AATCAGCGGCC
hg38_knownGene_ENST00000610292.4	9847		A	AT			3690	Merged	183,39	0.184	222	66,19	77,18	176,39		0|1	0|1	9847_A_AT		9847	100,83,16,23	A|AT	9847:A:AT
hg38_knownGene_ENST00000610292.4	9868		TAGG	T			3697	Merged	204,28	0.131	232	69,12	81,12	192,28		0|1	0|1	9847_A_AT		9847	115,89,13,15	TAGG|T	9868:TAGG:T
hg38_knownGene_ENST00000610292.4	9907		CATGT	C			3709	Merged	179,60	0.239	239	68,17	82,21	178,58		0|1	0|1	9907_CATGT_C		9907	98,81,34,26	CATGT|C	9907:CATGT:C
hg38_knownGene_ENST00000610292.4	9921		G	GC			3713	Merged	207,31	0.143	238	60,17	89,13	192,31		0|1	0|1	9921_G_GC		9921	110,97,17,14	G|GC	9921:G:GC
hg38_knownGene_ENST00000610292.4	9949		G	GGC			3725	Merged	198,59	0.211	257	70,15	91,20	190,53		0|1	0|1	9907_CATGT_C		9907	96,102,35,24	G|GGC	9949:G:GGC
hg38_knownGene_ENST00000610292.4	10014		A	AT			3758	Merged	197,26	0.108	264	53,10	59,14	180,26		0/0/1					91,106,35,32	A/A/AT	10014:A:AT
hg38_knownGene_ENST00000610292.4	10049		A	ACT			3773	Merged	233,51	0.152	317	78,12	84,13	222,49		0/0/1					114,119,38,46	A/A/ACT	10049:A:ACT
hg38_knownGene_ENST00000610292.4	10232		T	TA			3853	Merged	212,65	0.201	328	85,24	80,23	211,65		0/0/1					118,94,61,55	T/T/TA	10232:T:TA
hg38_knownGene_ENST00000610292.4	10259		T	TGAAATCTGC			3862	Merged	161,35	0.173	219	63,17	61,15	152,35		0/0/1					88,73,32,26	T/T/TGAAATCTGC	10259:T:TGAAATCTGC
hg38_knownGene_ENST00000610292.4	10363		AC	A			3891	Merged	163,21	0.044	195	54,1	48,7	163,8		0/0/1					85,78,14,18	AC/AC/A	10363:AC:A
hg38_knownGene_ENST00000610292.4	10365		T	TTGCGCG			3894	Merged	147,27	0.124	195	40,11	40,10	140,23		0/0/1					74,73,25,23	T/T/TTGCGCG	10365:T:TTGCGCG
hg38_knownGene_ENST00000610292.4	10405		GTAAT	G			3909	Merged	243,24	0.093	267	81,14	85,10	243,24		0|1	0|1	10405_GTAAT_G		10405	125,118,12,12	GTAAT|G	10405:GTAAT:G
hg38_knownGene_ENST00000610292.4	10610		T	TA			3975	Merged	69,17	0.202	86	21,3	26,3	70,17		0|1	0|1	10610_T_TA		10610	40,29,6,11	T|TA	10610:T:TA
hg38_knownGene_ENST00000610292.4	10661		GGGGT	G			3982	Merged	86,43	0.338	129	31,16	25,25	85,43		1|0	1|0	10627_T_A		10627	50,36,26,17	G|GGGGT	10661:GGGGT:G
hg38_knownGene_ENST00000610292.4	10746		CCGA	C			4007	Merged	180,63	0.261	243	68,20	70,28	175,61		0|1	0|1	10711_G_A		10711	95,85,35,28	CCGA|C	10746:CCGA:C
hg38_knownGene_ENST00000610292.4	10753		G	GTAAGT			4009	Merged	171,54	0.245	225	59,14	69,20	156,50		0|1	0|1	10706_AG_CT		10706	92,79,23,31	G|GTAAGT	10753:G:GTAAGT
hg38_knownGene_ENST00000610292.4	10756		T	TGA			4011	Merged	158,65	0.286	223	57,17	63,28	156,62		0|1	0|1	10711_G_A		10711	80,78,34,31	T|TGA	10756:T:TGA
hg38_knownGene_ENST00000610292.4	10904		C	CA			4084	Merged	273,53	0.141	363	133,21	94,15	271,50		0/0/1					137,136,42,48	C/C/CA	10904:C:CA
hg38_knownGene_ENST00000610292.4	10932		T	TC			4096	Merged	329,35	0.083	364	149,17	103,6	321,28		0|1	0|1	10900_C_G		10900	154,175,24,11	T|TC	10932:T:TC
hg38_knownGene_ENST00000610292.4	10952		T	TAG			4109	Merged	341,7	0.023	348	144,4	108,3	337,7		0|1	0|1	10926_T_C		10926	164,177,1,6	T|TAG	10952:T:TAG
hg38_knownGene_ENST00000610292.4	11043		A	AAGTGGGTTT			4152	Merged	336,25	0.049	403	123,8	121,6	324,18		0/0/1					159,177,31,36	A/A/AAGTGGGTTT	11043:A:AAGTGGGTTT
hg38_knownGene_ENST00000610292.4	11047		CATGG	C			4155	Merged	295,47	0.113	412	104,20	92,25	275,46		0/1/0					138,157,56,61	CATGG/C/CATGG	11047:CATGG:C
hg38_knownGene_ENST00000610292.4	11121		G	GGGGTGTA			4181	Merged	236,61	0.178	297	86,19	99,16	240,52		0|1	0|1	11121_G_GGGGTGTA		11121	122,114,30,31	G|GGGGTGTA	11121:G:GGGGTGTA
hg38_knownGene_ENST00000610292.4	11129		G	GAC			4185	Merged	305,18	0.046	336	106,9	120,5	293,14		0/1/0					145,160,20,11	G/GAC/G	11129:G:GAC
hg38_knownGene_ENST00000610292.4	11131		AGG	A			4187	Merged	283,18	0.046	340	95,9	108,5	267,14		0/1/0					139,144,27,30	AGG/A/AGG	11131:AGG:A
hg38_knownGene_ENST00000610292.4	11144		T	TGTC			4194	Merged	275,59	0.178	334	99,14	101,23	263,56		0|1	0|1	11135_C_G		11135	128,147,30,29	T|TGTC	11144:T:TGTC
hg38_knownGene_ENST00000610292.4	11156		G	GTCC			4199	Merged	220,57	0.157	327	71,15	77,11	214,46		0/0/1					106,114,48,59	G/G/GTCC	11156:G:GTCC
hg38_knownGene_ENST00000610292.4	11364		C	CGT			4263	Merged	76,53	0.421	129	27,17	26,8	69,50		0|1	0|1	11263_T_C		11263	42,34,24,29	C|CGT	11364:C:CGT
hg38_knownGene_ENST00000610292.4	11402		G	GTT			4269	Merged	77,30	0.112	107	33,4	19,5	78,9		0|1	0|1	11387_C_T		11387	38,39,14,16	G|GTT	11402:G:GTT
hg38_knownGene_ENST00000610292.4	11405		CCT	C			4270	Merged	79,30	0.11	109	33,4	20,5	79,9		0|1	0|1	11387_C_T		11387	39,40,14,16	CCT|C	11405:CCT:C
hg38_knownGene_ENST00000610292.4	11635		ATCTCT	A			4334	Merged	198,16	0.07	214	94,7	82,6	198,14		0|1	0|1	11604_G_A		11604	104,94,9,7	ATCTCT|A	11635:ATCTCT:A
hg38_knownGene_ENST00000610292.4	11638		TCTG	T			4336	Merged	170,19	0.103	189	87,6	69,12	172,19		0|1	0|1	11633_T_C		11633	90,80,9,10	TCTG|T	11638:TCTG:T
hg38_knownGene_ENST00000610292.4	11667		C	CA			4344	Merged	132,29	0.184	161	62,13	55,16	132,29		0|1	0|1	11659_G_A		11659	70,62,18,11	C|CA	11667:C:CA
hg38_knownGene_ENST00000610292.4	11817		A	AGC			4396	Merged	224,8	0.031	293	110,4	94,2	208,8		0/0/1					108,116,34,35	A/A/AGC	11817:A:AGC
hg38_knownGene_ENST00000610292.4	11843		CAG	C			4409	Merged	325,42	0.117	367	147,17	127,24	315,41		0|1	0|1	11822_T_C		11822	160,165,23,19	CAG|C	11843:CAG:C
hg38_knownGene_ENST00000610292.4	11882		AACAT	A			4425	Merged	265,10	0.038	290	91,3	110,6	259,10		0/1/0					130,135,11,14	AACAT/A/AACAT	11882:AACAT:A
hg38_knownGene_ENST00000610292.4	11902		CTA	C			4434	Merged	200,25	0.067	298	68,8	75,3	179,21		0/0/0/1					85,115,50,48	CTA/CTA/CTA/C	11902:CTA:C
hg38_knownGene_ENST00000610292.4	11911		A	AGG			4442	Merged	204,28	0.08	307	72,9	86,6	178,25		0/0/0/1					95,109,45,58	A/A/A/AGG	11911:A:AGG
hg38_knownGene_ENST00000610292.4	11985		CA	C			4464	Merged	113,15	0.123	128	41,6	30,7	113,15		0|1	0|1	11968_G_A		11968	54,59,7,8	CA|C	11985:CA:C
hg38_knownGene_ENST00000610292.4	12043		C	CA			4486	Merged	224,34	0.134	258	87,16	91,15	225,34		0|1	0|1	11968_G_A		11968	124,100,20,14	C|CA	12043:C:CA
hg38_knownGene_ENST00000610292.4	12089		G	GA			4504	Merged	183,46	0.201	229	77,22	73,12	178,44		0|1	0|1	12072_A_C		12072	96,87,24,22	G|GA	12089:G:GA
hg38_knownGene_ENST00000610292.4	12098		CTGA	C			4509	Merged	207,12	0.034	219	87,3	70,2	201,7		0|1	0|1	12098_CTGA_C		12098	106,101,4,8	CTGA|C	12098:CTGA:C
hg38_knownGene_ENST00000610292.4	12178		T	TCC			4541	Merged	236,4	0.021	240	89,4	82,0	236,4		0|1	0|1	12162_T_A		12162	120,116,0,4	T|TCC	12178:T:TCC
hg38_knownGene_ENST00000610292.4	12269		G	GAACGTTGCCT			4584	Merged	179,35	0.14	254	67,11	72,14	167,34		0/0/1					90,89,43,32	G/G/GAACGTTGCCT	12269:G:GAACGTTGCCT
hg38_knownGene_ENST00000610292.4	12292		G	GC			4590	Merged	179,17	0.075	219	69,4	62,8	172,15		0/1/0					98,81,18,22	G/GC/G	12292:G:GC
hg38_knownGene_ENST00000610292.4	12294		C	CGA			4593	Merged	194,23	0.114	217	73,4	70,10	186,23		0|1	0|1	12231_T_C		12231	104,90,11,12	C|CGA	12294:C:CGA
hg38_knownGene_ENST00000610292.4	12302		G	GAT			4597	Merged	177,20	0.109	197	65,3	64,9	171,20		0|1	0|1	12231_T_C		12231	93,84,9,11	G|GAT	12302:G:GAT
hg38_knownGene_ENST00000610292.4	12345		G	GC			4617	Merged	153,22	0.128	175	52,13	46,9	155,22		0|1	0|1	12334_C_A		12334	78,75,9,13	G|GC	12345:G:GC
hg38_knownGene_ENST00000610292.4	12451		G	GGCAGCGA			4646	Merged	97,30	0.244	127	40,14	38,11	95,30		0|1	0|1	12427_A_G		12427	47,50,15,15	G|GGCAGCGA	12451:G:GGCAGCGA
hg38_knownGene_ENST00000610292.4	12487		T	TA			4655	Merged	92,3	0.042	95	35,2	30,1	91,3		0|1	0|1	12477_C_T		12477	42,50,1,2	T|TA	12487:T:TA
hg38_knownGene_ENST00000610292.4	12489		A	AG			4656	Merged	69,23	0.204	92	24,8	20,9	69,17		0|1	0|1	12473_G_A		12473	29,40,11,12	A|AG	12489:A:AG
hg38_knownGene_ENST00000610292.4	12638		TGGGG	T			4702	Merged	245,8	0.033	273	97,4	112,4	238,8		0/1/0					122,123,11,17	TGGGG/T/TGGGG	12638:TGGGG:T
hg38_knownGene_ENST00000610292.4	12718		T	TCG			4735	Merged	206,48	0.152	254	79,15	86,14	200,35		0/1					100,106,21,27	T/TCG	12718:T:TCG
hg38_knownGene_ENST00000610292.4	12946		A	AGT			4845	Merged	255,52	0.107	328	80,15	111,11	248,31		0/0/1					129,126,39,34	A/A/AGT	12946:A:AGT
hg38_knownGene_ENST00000610292.4	13069		G	GTATATTTTT			4889	Merged	117,48	0.285	165	45,12	54,18	117,46		0|1	0|1	13026_A_G		13026	64,53,23,25	G|GTATATTTTT	13069:G:GTATATTTTT
hg38_knownGene_ENST00000610292.4	13082		G	GTC			4896	Merged	141,17	0.06	158	45,3	59,5	139,8		0|1	0|1	13054_T_C		13054	75,66,11,6	G|GTC	13082:G:GTC
hg38_knownGene_ENST00000610292.4	13084		CGACA	C			4898	Merged	127,44	0.265	171	40,8	54,19	124,44		0|1	0|1	13066_A_G		13066	71,56,20,24	CGACA|C	13084:CGACA:C
hg38_knownGene_ENST00000610292.4	13143		G	GAACGC			4922	Merged	250,24	0.067	274	94,10	114,6	249,17		0/1					123,127,13,11	G/GAACGC	13143:G:GAACGC
hg38_knownGene_ENST00000610292.4	13214		T	TCAGATACAA			4952	Merged	101,47	0.256	173	38,12	31,15	103,44		0/0/1					48,53,35,37	T/T/TCAGATACAA	13214:T:TCAGATACAA
hg38_knownGene_ENST00000610292.4	13330		T	TG			5000	Merged	180,37	0.175	217	90,15	73,22	178,37		0|1	0|1	13288_C_T		13288	98,82,18,19	T|TG	13330:T:TG
hg38_knownGene_ENST00000610292.4	13356		T	TAG			5012	Merged	189,30	0.125	219	87,18	89,8	188,26		0|1	0|1	13329_C_G		13329	102,87,16,14	T|TAG	13356:T:TAG
hg38_knownGene_ENST00000610292.4	13362		T	TC			5017	Merged	168,17	0.081	220	83,9	68,8	166,17		0/0/1					89,79,28,24	T/T/TC	13362:T:TC
hg38_knownGene_ENST00000610292.4	13383		AC	A			5022	Merged	203,17	0.081	220	87,9	97,8	203,17		0|1	0|1	13344_C_T		13344	101,102,11,6	AC|A	13383:AC:A
hg38_knownGene_ENST00000610292.4	13387		ATT	A			5024	Merged	217,9	0.043	226	95,5	101,4	220,9		0|1	0|1	13387_ATT_A		13387	109,108,4,5	ATT|A	13387:ATT:A
hg38_knownGene_ENST00000610292.4	13477		T	TCAAA			5047	Merged	174,50	0.233	224	60,19	80,23	167,50		0|1	0|1	13477_T_TCAAA		13477	94,80,23,27	T|TCAAA	13477:T:TCAAA
hg38_knownGene_ENST00000610292.4	13590		A	AG			5083	Merged	99,22	0.187	121	42,9	46,7	99,22		0|1	0|1	13545_C_T		13545	59,40,13,9	A|AG	13590:A:AG
hg38_knownGene_ENST00000610292.4	13668		G	GC			5107	Merged	81,28	0.265	109	35,11	38,14	77,28		0|1	0|1	13650_A_C		13650	44,37,13,15	G|GC	13668:G:GC
hg38_knownGene_ENST00000610292.4	13723		G	GAA			5129	Merged	160,4	0.031	164	68,3	85,1	157,4		0|1	0|1	13666_C_T		13666	79,81,2,2	G|GAA	13723:G:GAA
hg38_knownGene_ENST00000610292.4	13732		C	CAG			5132	Merged	205,37	0.108	290	77,13	97,12	194,29		0/0/1					107,98,39,46	C/C/CAG	13732:C:CAG
hg38_knownGene_ENST00000610292.4	13748		CACCA	C			5139	Merged	240,19	0.044	259	98,5	98,3	236,10		0/1					115,125,9,10	CACCA/C	13748:CACCA:C
hg38_knownGene_ENST00000610292.4	13764		CAGGG	C			5148	Merged	166,43	0.174	235	74,11	58,16	167,40		0/0/1					72,94,32,37	CAGGG/CAGGG/C	13764:CAGGG:C
hg38_knownGene_ENST00000610292.4	13794		G	GAA			5161	Merged	193,17	0.084	210	71,8	71,9	195,17		0|1	0|1	13741_G_A		13741	93,100,6,11	G|GAA	13794:G:GAA
hg38_knownGene_ENST00000610292.4	13812		AG	A			5172	Merged	219,17	0.076	236	86,8	78,9	218,17		0|1	0|1	13741_G_A		13741	108,111,6,11	AG|A	13812:AG:A
hg38_knownGene_ENST00000610292.4	13824		C	CG			5181	Merged	215,36	0.153	251	88,18	79,18	204,36		0|1	0|1	13803_C_T		13803	108,107,17,19	C|CG	13824:C:CG
hg38_knownGene_ENST00000610292.4	13841		C	CCTATGG			5189	Merged	269,42	0.137	311	124,10	115,7	269,42		0|1	0|1	13830_T_C		13830	138,131,17,25	C|CCTATGG	13841:C:CCTATGG
hg38_knownGene_ENST00000610292.4	13887		C	CCGT			5209	Merged	172,30	0.123	253	72,12	78,16	163,30		0/0/1					89,83,39,42	C/C/CCGT	13887:C:CCGT
hg38_knownGene_ENST00000610292.4	13907		C	CCGTCACGT			5219	Merged	214,10	0.05	224	93,3	90,7	210,10		0|1	0|1	13882_A_T		13882	112,102,4,6	C|CCGTCACGT	13907:C:CCGTCACGT
hg38_knownGene_ENST00000610292.4	13908		A	AGATCG			5220	Merged	214,8	0.041	222	95,1	88,7	210,8		0|1	0|1	13899_T_C		13899	112,102,3,5	A|AGATCG	13908:A:AGATCG
hg38_knownGene_ENST00000610292.4	13911		GA	G			5221	Merged	169,26	0.122	220	69,16	71,9	161,25		0/1/0					90,79,26,25	GA/G/GA	13911:GA:G
hg38_knownGene_ENST00000610292.4	13914		GAA	G			5223	Merged	189,26	0.126	215	77,16	81,9	180,25		0/1					101,88,15,11	GAA/G	13914:GAA:G
hg38_knownGene_ENST00000610292.4	13947		GGT	G			5231	Merged	132,35	0.212	167	55,17	54,14	129,34		0|1	0|1	13947_GGT_G		13947	70,62,19,16	GGT|G	13947:GGT:G
hg38_knownGene_ENST00000610292.4	13997		C	CACATGCT			5248	Merged	119,28	0.182	147	43,11	54,11	116,25		0|1	0|1	13997_C_CACATGCT		13997	63,56,12,16	C|CACATGCT	13997:C:CACATGCT
hg38_knownGene_ENST00000610292.4	14036		TTG	T			5260	Merged	145,19	0.109	164	53,9	63,8	146,17		0/1					73,72,11,8	TTG/T	14036:TTG:T
hg38_knownGene_ENST00000610292.4	14068		C	CTG			5268	Merged	122,42	0.178	215	49,10	53,12	119,36		0/0/1					61,61,45,48	C/C/CTG	14068:C:CTG
hg38_knownGene_ENST00000610292.4	14138		TA	T			5288	Merged	125,22	0.079	203	27,12	50,2	121,14		0/1/0					51,74,38,40	TA/T/TA	14138:TA:T
hg38_knownGene_ENST00000610292.4	14145		CCAGA	C			5293	Merged	140,60	0.292	200	45,9	49,22	139,56		0|1	0|1	14102_A_G		14102	62,78,25,35	CCAGA|C	14145:CCAGA:C
hg38_knownGene_ENST00000610292.4	14197		ATG	A			5315	Merged	158,53	0.258	211	52,6	47,17	153,52		0|1	0|1	14102_A_G		14102	76,82,21,32	ATG|A	14197:ATG:A
hg38_knownGene_ENST00000610292.4	14223		T	TG			5324	Merged	210,10	0.033	240	61,6	79,1	211,7		0/0/1					101,109,11,19	T/T/TG	14223:T:TG
hg38_knownGene_ENST00000610292.4	14256		C	CGGAGTTGCGA			5342	Merged	284,19	0.057	356	121,8	116,8	283,19		0/0/1					143,141,34,38	C/C/CGGAGTTGCGA	14256:C:CGGAGTTGCGA
hg38_knownGene_ENST00000610292.4	14306		T	TA			5363	Merged	227,36	0.108	263	75,12	74,14	231,27		0|1	0|1	14286_A_T		14286	109,118,20,16	T|TA	14306:T:TA
hg38_knownGene_ENST00000610292.4	14412		T	TCC			5402	Merged	164,10	0.064	174	53,8	63,2	161,10		0|1	0|1	14412_T_TCC		14412	84,80,9,1	T|TCC	14412:T:TCC
hg38_knownGene_ENST00000610292.4	14429		T	TCC			5409	Merged	114,13	0.053	168	47,4	39,3	115,8		0/0/1					65,49,23,31	T/T/TCC	14429:T:TCC
hg38_knownGene_ENST00000610292.4	14444		AT	A			5414	Merged	121,54	0.323	175	53,13	43,15	115,54		0|1	0|1	14414_AC_GT		14414	64,57,26,28	AT|A	14444:AT:A
hg38_knownGene_ENST00000610292.4	14452		GC	G			5417	Merged	89,55	0.317	185	47,14	30,14	82,56		0/1/0					52,37,44,52	GC/G/GC	14452:GC:G
hg38_knownGene_ENST00000610292.4	14483		GC	G			5433	Merged	109,18	0.086	219	43,15	22,3	103,18		0/0/0/1					52,57,60,50	GC/GC/GC/G	14483:GC:G
hg38_knownGene_ENST00000610292.4	14487		C	CA			5434	Merged	208,19	0.09	227	83,15	59,3	201,19		0|1	0|1	14477_T_C		14477	100,108,13,6	C|CA	14487:C:CA
hg38_knownGene_ENST00000610292.4	14562		G	GCAACTC			5464	Merged	230,26	0.101	256	112,14	93,9	222,24		0/1					133,97,15,11	G/GCAACTC	14562:G:GCAACTC
hg38_knownGene_ENST00000610292.4	14570		AGT	A			5470	Merged	208,29	0.125	249	91,19	84,8	192,29		0/0/1					127,81,23,18	AGT/AGT/A	14570:AGT:A
hg38_knownGene_ENST00000610292.4	14575		C	CCT			5472	Merged	214,28	0.125	242	94,19	85,7	201,28		0|1	0|1	14575_C_CCT		14575	129,85,18,10	C|CCT	14575:C:CCT
hg38_knownGene_ENST00000610292.4	14597		GCC	G			5483	Merged	190,19	0.07	209	93,4	62,5	171,14		0|1	0|1	14597_GCC_G		14597	116,74,13,6	GCC|G	14597:GCC:G
hg38_knownGene_ENST00000610292.4	14600		TGC	T			5484	Merged	196,13	0.043	209	92,3	65,4	177,8		0|1	0|1	14597_GCC_G		14597	119,77,9,4	TGC|T	14600:TGC:T
hg38_knownGene_ENST00000610292.4	14608		C	CT			5488	Merged	186,17	0.089	203	88,3	60,13	183,17		0|1	0|1	14588_T_A		14588	111,75,12,5	C|CT	14608:C:CT
hg38_knownGene_ENST00000610292.4	14614		A	ATC			5493	Merged	197,11	0.049	208	92,5	71,4	193,9		0|1	0|1	14614_A_ATC		14614	122,75,6,5	A|ATC	14614:A:ATC
hg38_knownGene_ENST00000610292.4	14621		TGGGA	T			5495	Merged	194,21	0.103	215	89,7	64,13	191,21		0|1	0|1	14588_T_A		14588	116,78,15,6	TGGGA|T	14621:TGGGA:T
hg38_knownGene_ENST00000610292.4	14661		C	CCTAACGGGGG			5519	Merged	210,34	0.135	244	93,11	81,17	211,32		0|1	0|1	14588_T_A		14588	126,84,22,12	C|CCTAACGGGGG	14661:C:CCTAACGGGGG
hg38_knownGene_ENST00000610292.4	14685		GA	G			5532	Merged	256,10	0.034	266	109,6	98,2	253,8		0|1	0|1	14613_C_T		14613	151,105,6,4	GA|G	14685:GA:G
hg38_knownGene_ENST00000610292.4	14739		T	TC			5552	Merged	80,47	0.271	172	39,17	22,17	77,44		0/0/1					33,47,48,44	T/T/TC	14739:T:TC
hg38_knownGene_ENST00000610292.4	14832		T	TCGGCACTA			5585	Merged	110,37	0.253	147	43,13	45,7	108,36		0|1	0|1	14800_A_G		14800	57,53,18,19	T|TCGGCACTA	14832:T:TCGGCACTA
hg38_knownGene_ENST00000610292.4	14939		AGTAG	A			5607	Merged	121,56	0.299	177	54,17	52,20	121,51		0|1	0|1	14913_T_A		14913	59,62,33,23	AGTAG|A	14939:AGTAG:A
hg38_knownGene_ENST00000610292.4	15006		C	CT			5628	Merged	175,10	0.06	185	72,5	65,4	172,10		0/1					82,93,3,7	C/CT	15006:C:CT
hg38_knownGene_ENST00000610292.4	15110		T	TCG			5676	Merged	363,21	0.047	401	112,3	141,13	343,17		0/0/1					190,173,19,19	T/T/TCG	15110:T:TCG
hg38_knownGene_ENST00000610292.4	15122		T	TG			5681	Merged	381,15	0.034	410	108,5	150,7	374,13		0/1/0					199,182,15,14	T/TG/T	15122:T:TG
hg38_knownGene_ENST00000610292.4	15132		TG	T			5689	Merged	401,39	0.095	440	113,13	163,10	378,39		0|1	0|1	15095_G_A		15095	212,189,17,22	TG|T	15132:TG:T
hg38_knownGene_ENST00000610292.4	15140		T	TGCCGAC			5698	Merged	385,38	0.075	460	106,8	144,19	349,32		0/0/1					203,182,33,42	T/T/TGCCGAC	15140:T:TGCCGAC
hg38_knownGene_ENST00000610292.4	15150		C	CTTG			5705	Merged	409,30	0.052	486	126,9	154,13	376,24		0/0/1					211,198,35,42	C/C/CTTG	15150:C:CTTG
hg38_knownGene_ENST00000610292.4	15158		TC	T			5707	Merged	384,28	0.041	514	128,8	143,11	378,20		0/1/0					202,182,62,68	TC/T/TC	15158:TC:T
hg38_knownGene_ENST00000610292.4	15198		CCGAA	C			5724	Merged	272,41	0.143	313	97,17	104,12	240,39		0/1					152,120,21,20	CCGAA/C	15198:CCGAA:C
hg38_knownGene_ENST00000610292.4	15235		CAGCT	C			5746	Merged	303,11	0.036	333	102,9	108,2	292,11		0/1/0					155,148,12,18	CAGCT/C/CAGCT	15235:CAGCT:C
hg38_knownGene_ENST00000610292.4	15316		G	GCT			5793	Merged	206,22	0.102	228	77,11	83,11	203,22		0|1	0|1	15306_C_G		15306	111,95,11,11	G|GCT	15316:G:GCT
hg38_knownGene_ENST00000610292.4	15329		TC	T			5796	Merged	178,37	0.178	215	67,15	69,18	176,37		0|1	0|1	15329_TC_T		15329	88,90,22,15	TC|T	15329:TC:T
hg38_knownGene_ENST00000610292.4	15333		AAAG	A			5798	Merged	163,56	0.258	219	63,17	64,21	160,55		0/1					79,84,30,26	AAAG/A	15333:AAAG:A
hg38_knownGene_ENST00000610292.4	15365		GC	G			5812	Merged	191,22	0.111	213	64,11	63,11	184,22		0|1	0|1	15365_GC_G		15365	91,100,11,11	GC|G	15365:GC:G
hg38_knownGene_ENST00000610292.4	15399		GAGTC	G			5827	Merged	206,19	0.083	225	66,11	69,7	204,19		0|1	0|1	15399_GAGTC_G		15399	100,106,9,10	GAGTC|G	15399:GAGTC:G
hg38_knownGene_ENST00000610292.4	15441		C	CT			5850	Merged	249,4	0.017	253	105,2	76,1	222,3		0|1	0|1	15402_T_C		15402	118,131,2,2	C|CT	15441:C:CT
hg38_knownGene_ENST00000610292.4	15461		ACCT	A			5858	Merged	292,5	0.015	297	121,2	95,1	270,4		0|1	0|1	15402_T_C		15402	139,153,2,3	ACCT|A	15461:ACCT:A
hg38_knownGene_ENST00000610292.4	15516		T	TA			5881	Merged	264,14	0.051	278	111,4	117,8	258,14		0/1					137,127,8,6	T/TA	15516:T:TA
hg38_knownGene_ENST00000610292.4	15533		AAT	A			5886	Merged	228,70	0.25	298	91,21	91,29	221,73		0/1					122,106,33,37	AAT/A	15533:AAT:A
hg38_knownGene_ENST00000610292.4	15564		GC	G			5898	Merged	326,22	0.055	348	132,7	128,9	323,18		0/1					171,155,14,8	GC/G	15564:GC:G
hg38_knownGene_ENST00000610292.4	15581		G	GA			5907	Merged	278,63	0.162	388	129,12	109,24	260,61		0/1/0					150,128,57,53	G/GA/G	15581:G:GA
hg38_knownGene_ENST00000610292.4	15610		T	TTC			5922	Merged	186,12	0.051	219	67,4	86,3	184,10		0/0/1					101,85,14,19	T/T/TTC	15610:T:TTC
hg38_knownGene_ENST00000610292.4	15632		A	AT			5933	Merged	105,65	0.339	188	38,26	42,20	109,65		0/1/0					51,54,42,41	A/AT/A	15632:A:AT
hg38_knownGene_ENST00000610292.4	15641		AC	A			5938	Merged	135,18	0.09	196	46,6	54,11	135,17		0/0/1					66,69,29,32	AC/AC/A	15641:AC:A
hg38_knownGene_ENST00000610292.4	15677		T	TC			5948	Merged	202,18	0.08	220	65,6	68,11	205,17		0|1	0|1	15612_C_T		15612	93,109,8,10	T|TC	15677:T:TC
hg38_knownGene_ENST00000610292.4	15685		G	GA			5954	Merged	202,24	0.11	226	62,11	70,12	202,24		0/1					91,111,12,12	G/GA	15685:G:GA
hg38_knownGene_ENST00000610292.4	15784		A	AG			5998	Merged	224,72	0.258	296	80,29	99,30	209,72		0|1	0|1	15782_G_T		15782	106,118,38,34	A|AG	15784:A:AG
hg38_knownGene_ENST00000610292.4	15855		GCGCA	G			6018	Merged	164,54	0.258	218	52,13	61,15	154,53		0|1	0|1	15811_A_G		15811	80,84,25,29	GCGCA|G	15855:GCGCA:G
hg38_knownGene_ENST00000610292.4	15867		AC	A			6022	Merged	205,16	0.034	221	60,3	69,3	197,6		0|1	0|1	15810_C_T		15810	97,108,6,10	AC|A	15867:AC:A
hg38_knownGene_ENST00000610292.4	15922		CGG	C			6040	Merged	137,60	0.229	251	55,8	67,20	134,54		0/1/0					64,73,48,66	CGG/C/CGG	15922:CGG:C
hg38_knownGene_ENST00000610292.4	15966		ACCAG	A			6061	Merged	253,29	0.106	282	99,12	96,11	244,28		0|1	0|1	15944_C_T		15944	110,143,13,16	ACCAG|A	15966:ACCAG:A
hg38_knownGene_ENST00000610292.4	16025		G	GTC			6076	Merged	193,21	0.105	214	61,12	59,9	187,21		0|1	0|1	16022_GG_AA		16022	83,110,12,9	G|GTC	16025:G:GTC
hg38_knownGene_ENST00000610292.4	16045		T	TA			6085	Merged	197,33	0.15	230	56,14	65,15	191,33		0|1	0|1	16030_G_A		16030	88,109,19,14	T|TA	16045:T:TA
hg38_knownGene_ENST00000610292.4	16060		AGGC	A			6097	Merged	155,55	0.235	235	52,14	61,10	153,54		0/1/0					79,76,33,47	AGGC/A/AGGC	16060:AGGC:A
hg38_knownGene_ENST00000610292.4	16060		AGGC	AGCCTTGGC			6098	Merged	155,25	0.104	235	52,8	61,14	153,24		0/0/1					79,76,33,47	AGGC/AGGC/AGCCTTGGC	16060:AGGC:AGCCTTGGC
hg38_knownGene_ENST00000610292.4	16064		T	TC			6099	Merged	176,55	0.238	231	59,14	73,10	175,54		0|1	0|1	16054_C_T		16054	85,91,24,31	T|TC	16064:T:TC
hg38_knownGene_ENST00000610292.4	16068		GC	G			6102	Merged	210,25	0.105	235	66,9	69,15	208,24		0|1	0|1	16046_C_A		16046	102,108,9,16	GC|G	16068:GC:G
hg38_knownGene_ENST00000610292.4	16072		G	GA			6104	Merged	206,25	0.106	231	67,9	70,15	205,24		0|1	0|1	16046_C_A		16046	103,103,9,16	G|GA	16072:G:GA
hg38_knownGene_ENST00000610292.4	16087		CAG	C			6111	Merged	209,38	0.161	247	78,9	84,12	203,38		0|1	0|1	16044_A_G		16044	105,104,20,18	CAG|C	16087:CAG:C
hg38_knownGene_ENST00000610292.4	16090		G	GTA			6114	Merged	116,38	0.16	247	37,9	43,12	111,38		0/0/1/0					56,60,70,61	G/G/GTA/G	16090:G:GTA
hg38_knownGene_ENST00000610292.4	16317		G	GCACACAGAA			6150	Merged	113,28	0.203	141	54,12	46,10	113,28		0|1	0|1	16148_G_A		16148	57,56,15,13	G|GCACACAGAA	16317:G:GCACACAGAA
hg38_knownGene_ENST00000610292.4	16347		CTT	C			6158	Merged	217,25	0.107	242	100,12	88,12	217,25		0|1	0|1	16148_G_A		16148	109,108,8,17	CTT|C	16347:CTT:C
hg38_knownGene_ENST00000610292.4	16402		GGCTA	G			6174	Merged	144,50	0.218	194	70,10	53,18	142,40		0|1	0|1	16377_G_T		16377	64,80,23,27	GGCTA|G	16402:GGCTA:G
hg38_knownGene_ENST00000610292.4	16676		C	CATTT			6250	Merged	64,8	0.098	89	24,3	28,5	64,8		0/0/1					30,34,10,15	C/C/CATTT	16676:C:CATTT
hg38_knownGene_ENST00000610292.4	16715		TAACTC	T			6264	Merged	127,23	0.152	160	53,12	54,11	125,24		0/1/0					70,57,19,14	TAACTC/T/TAACTC	16715:TAACTC:T
hg38_knownGene_ENST00000610292.4	16731		T	TA			6272	Merged	194,13	0.03	207	91,2	94,2	195,6		0|1	0|1	16645_C_T		16645	105,89,6,7	T|TA	16731:T:TA
hg38_knownGene_ENST00000610292.4	16830		G	GC			6337	Merged	260,17	0.059	301	86,8	96,8	236,17		0/0/1					133,127,24,17	G/G/GC	16830:G:GC
hg38_knownGene_ENST00000610292.4	16837		C	CCCGGA			6339	Merged	270,12	0.046	282	96,4	116,8	268,12		0|1	0|1	16774_G_A		16774	136,134,6,6	C|CCCGGA	16837:C:CCCGGA
hg38_knownGene_ENST00000610292.4	16911		G	GGTTTTAGCT			6362	Merged	142,57	0.284	199	43,12	43,15	138,54		0|1	0|1	16847_G_A		16847	74,68,25,32	G|GGTTTTAGCT	16911:G:GGTTTTAGCT
hg38_knownGene_ENST00000610292.4	16923		T	TTTC			6366	Merged	153,61	0.295	214	47,13	37,22	139,58		0|1	0|1	16900_C_T		16900	72,81,34,27	T|TTTC	16923:T:TTTC
hg38_knownGene_ENST00000610292.4	16974		T	TG			6385	Merged	248,57	0.191	305	100,23	110,18	253,59		0/1					129,119,31,26	T/TG	16974:T:TG
hg38_knownGene_ENST00000610292.4	16982		T	TC			6389	Merged	169,28	0.089	297	58,11	63,11	160,25		0/0/1					90,79,62,66	T/T/TC	16982:T:TC
hg38_knownGene_ENST00000610292.4	17025		C	CT			6410	Merged	167,21	0.044	311	60,6	60,4	159,13		0/0/0/1					75,92,78,66	C/C/C/CT	17025:C:CT
hg38_knownGene_ENST00000610292.4	17071		GAA	G			6429	Merged	250,66	0.2	316	99,24	93,26	225,64		0|1	0|1	17063_T_C		17063	125,125,33,33	GAA|G	17071:GAA:G
hg38_knownGene_ENST00000610292.4	17076		TC	T			6432	Merged	264,33	0.102	297	111,16	105,11	253,28		0|1	0|1	17076_TC_T		17076	127,137,18,15	TC|T	17076:TC:T
hg38_knownGene_ENST00000610292.4	17107		T	TTGCTC			6444	Merged	305,7	0.022	312	121,0	111,4	310,6		0/1					137,168,3,4	T/TTGCTC	17107:T:TTGCTC
hg38_knownGene_ENST00000610292.4	17141		AGGG	A			6460	Merged	184,23	0.069	261	86,8	64,5	174,16		0/1/0					102,82,37,40	AGGG/A/AGGG	17141:AGGG:A
hg38_knownGene_ENST00000610292.4	17179		A	AAC			6480	Merged	128,20	0.109	172	60,9	43,9	140,20		0/0/1					66,62,27,17	A/A/AAC	17179:A:AAC
hg38_knownGene_ENST00000610292.4	17183		CAG	C			6481	Merged	203,20	0.095	223	90,11	69,9	199,20		0|1	0|1	17183_CAG_C		17183	110,93,10,10	CAG|C	17183:CAG:C
hg38_knownGene_ENST00000610292.4	17207		T	TAATTC			6493	Merged	216,9	0.032	225	95,3	71,3	208,6		0|1	0|1	17201_A_G		17201	106,110,6,3	T|TAATTC	17207:T:TAATTC
hg38_knownGene_ENST00000610292.4	17232		CCT	C			6503	Merged	147,32	0.126	231	58,18	49,12	139,30		0/0/1/0					80,67,34,50	CCT/CCT/C/CCT	17232:CCT:C
hg38_knownGene_ENST00000610292.4	17262		TTATA	T			6519	Merged	164,40	0.157	245	58,23	64,15	158,38		0/0/1					83,81,35,46	TTATA/TTATA/T	17262:TTATA:T
hg38_knownGene_ENST00000610292.4	17302		CACG	C			6533	Merged	62,26	0.221	119	30,13	27,11	62,26		0/1/0					30,32,24,33	CACG/C/CACG	17302:CACG:C
hg38_knownGene_ENST00000610292.4	17382		GA	G			6560	Merged	104,2	0.03	106	46,0	45,2	96,2		0|1	0|1	17367_C_T		17367	50,54,2,0	GA|G	17382:GA:G
hg38_knownGene_ENST00000610292.4	17442		CCCAG	C			6576	Merged	124,9	0.065	156	49,5	50,4	111,9		0/0/1					62,62,14,18	CCCAG/CCCAG/C	17442:CCCAG:C
hg38_knownGene_ENST00000610292.4	17462		GCT	G			6587	Merged	119,23	0.143	155	47,8	51,12	107,20		0/1/0					61,58,19,17	GCT/G/GCT	17462:GCT:G
hg38_knownGene_ENST00000610292.4	17540		GGCA	G			6623	Merged	224,17	0.053	264	104,11	101,0	224,13		0/1/0					121,103,17,23	GGCA/G/GGCA	17540:GGCA:G
hg38_knownGene_ENST00000610292.4	17544		A	AGGTGGTAC			6627	Merged	227,24	0.093	265	116,7	97,12	228,24		0/0/1					122,105,17,21	A/A/AGGTGGTAC	17544:A:AGGTGGTAC
hg38_knownGene_ENST00000610292.4	17610		CTAA	C			6660	Merged	237,22	0.088	259	93,8	89,13	239,22		0|1	0|1	17576_A_C		17576	121,116,12,10	CTAA|C	17610:CTAA:C
hg38_knownGene_ENST00000610292.4	17625		ACTCT	A			6667	Merged	219,39	0.132	258	74,15	85,7	216,36		0|1	0|1	17620_C_T		17620	113,106,16,23	ACTCT|A	17625:ACTCT:A
hg38_knownGene_ENST00000610292.4	17633		G	GTGTA			6668	Merged	190,54	0.211	244	71,16	76,16	187,49		0|1	0|1	17624_T_C		17624	97,93,25,29	G|GTGTA	17633:G:GTGTA
hg38_knownGene_ENST00000610292.4	17694		C	CA			6698	Merged	196,11	0.053	207	71,5	85,5	197,11		0|1	0|1	17694_C_CA		17694	115,81,7,4	C|CA	17694:C:CA
hg38_knownGene_ENST00000610292.4	17708		TTC	T			6705	Merged	207,7	0.034	241	73,4	77,3	202,7		0/1/0					111,96,20,14	TTC/T/TTC	17708:TTC:T
hg38_knownGene_ENST00000610292.4	17733		GGC	G			6717	Merged	337,21	0.064	358	128,9	126,12	335,22		0|1	0|1	17718_T_G		17718	176,161,9,12	GGC|G	17733:GGC:G
hg38_knownGene_ENST00000610292.4	17734		G	GCA			6718	Merged	317,11	0.018	328	128,3	129,0	321,5		0/1					166,151,5,6	G/GCA	17734:G:GCA
hg38_knownGene_ENST00000610292.4	17740		A	ACCT			6720	Merged	327,33	0.073	373	135,11	140,14	331,28		0/0/1					167,160,27,19	A/A/ACCT	17740:A:ACCT
hg38_knownGene_ENST00000610292.4	17742		C	CTT			6722	Merged	288,27	0.073	381	125,12	113,15	283,27		0/0/1					147,141,51,42	C/C/CTT	17742:C:CTT
hg38_knownGene_ENST00000610292.4	17758		T	TCG			6728	Merged	241,52	0.185	293	96,18	103,21	237,53		0|1	0|1	17758_T_TCG		17758	116,125,23,29	T|TCG	17758:T:TCG
hg38_knownGene_ENST00000610292.4	17776		C	CT			6732	Merged	214,17	0.075	231	80,7	77,10	213,17		0/1					101,113,11,6	C/CT	17776:C:CT
hg38_knownGene_ENST00000610292.4	17886		C	CTCCCTGGCTG			6760	Merged	87,24	0.185	130	19,8	27,10	85,23		0/0/1					40,47,18,25	C/C/CTCCCTGGCTG	17886:C:CTCCCTGGCTG
hg38_knownGene_ENST00000610292.4	17903		GC	G			6763	Merged	56,23	0.197	119	19,14	30,8	56,23		0/1/0					18,38,36,27	GC/G/GC	17903:GC:G
hg38_knownGene_ENST00000610292.4	17909		C	CT			6767	Merged	94,24	0.208	118	27,15	45,9	94,24		0|1	0|1	17884_T_C		17884	39,55,15,9	C|CT	17909:C:CT
hg38_knownGene_ENST00000610292.4	17956		A	ATAC			6779	Merged	64,36	0.251	147	23,13	28,23	62,36		0/0/1					26,38,41,42	A/A/ATAC	17956:A:ATAC
hg38_knownGene_ENST00000610292.4	17969		A	ACACC			6783	Merged	117,40	0.244	166	55,14	54,25	115,40		0/0/1					56,61,23,26	A/A/ACACC	17969:A:ACACC
hg38_knownGene_ENST00000610292.4	18067		G	GGTTACATC			6812	Merged	203,14	0.059	251	83,8	91,5	205,14		0/0/1					108,95,21,27	G/G/GGTTACATC	18067:G:GGTTACATC
hg38_knownGene_ENST00000610292.4	18088		GCT	G			6818	Merged	208,7	0.019	215	86,1	86,2	207,3		0|1	0|1	18088_GCT_G		18088	114,94,2,5	GCT|G	18088:GCT:G
hg38_knownGene_ENST00000610292.4	18093		G	GAAAA			6820	Merged	178,25	0.131	210	68,13	74,10	177,24		0/0/1					101,77,14,18	G/G/GAAAA	18093:G:GAAAA
hg38_knownGene_ENST00000610292.4	18143		C	CTCCACA			6836	Merged	172,7	0.021	197	68,1	64,2	170,3		0/0/1					100,72,8,17	C/C/CTCCACA	18143:C:CTCCACA
hg38_knownGene_ENST00000610292.4	18220		TCC	T			6876	Merged	210,26	0.077	256	75,9	96,6	206,18		0/1/0					98,112,25,21	TCC/T/TCC	18220:TCC:T
hg38_knownGene_ENST00000610292.4	18227		CTG	C			6882	Merged	169,28	0.11	241	59,11	81,10	166,26		0/0/1					84,85,31,41	CTG/CTG/C	18227:CTG:C
hg38_knownGene_ENST00000610292.4	18254		C	CCCCT			6898	Merged	175,6	0.039	181	58,2	63,2	169,6		0|1	0|1	18254_C_CCCCT		18254	79,96,5,1	C|CCCCT	18254:C:CCCCT
hg38_knownGene_ENST00000610292.4	18294		AGTGC	A			6908	Merged	143,22	0.077	165	49,1	49,2	142,12		0|1	0|1	18233_A_C		18233	65,78,6,16	AGTGC|A	18294:AGTGC:A
hg38_knownGene_ENST00000610292.4	18363		A	ATGCGTG			6936	Merged	273,37	0.124	310	109,16	118,15	267,37		0|1	0|1	18341_C_T		18341	136,137,22,15	A|ATGCGTG	18363:A:ATGCGTG
hg38_knownGene_ENST00000610292.4	18527		A	AT			6987	Merged	93,66	0.38	197	48,24	33,24	81,67		0/1/0					39,54,51,53	A/AT/A	18527:A:AT
hg38_knownGene_ENST00000610292.4	18568		GT	G			7007	Merged	140,44	0.21	184	53,14	41,21	138,36		0|1	0|1	18526_G_A		18526	61,79,24,20	GT|G	18568:GT:G
hg38_knownGene_ENST00000610292.4	18646		CT	C			7037	Merged	180,40	0.185	220	71,17	78,12	171,38		0|1	0|1	18646_CT_C		18646	84,96,18,22	CT|C	18646:CT:C
hg38_knownGene_ENST00000610292.4	18673		T	TTA			7051	Merged	192,10	0.026	202	77,3	69,1	186,4		0|1	0|1	18673_T_TTA		18673	84,108,4,6	T|TTA	18673:T:TTA
hg38_knownGene_ENST00000610292.4	18677		GCC	G			7052	Merged	139,42	0.218	198	46,19	44,22	134,42		0/1/0					65,74,21,38	GCC/G/GCC	18677:GCC:G
hg38_knownGene_ENST00000610292.4	18684		CT	C			7058	Merged	153,42	0.224	195	50,19	47,23	148,42		0|1	0|1	18656_G_A		18656	72,81,12,30	CT|C	18684:CT:C
hg38_knownGene_ENST00000610292.4	18721		TTTG	T			7080	Merged	157,50	0.244	207	56,19	43,28	151,48		0|1	0|1	18721_TTTG_T		18721	70,87,15,35	TTTG|T	18721:TTTG:T
hg38_knownGene_ENST00000610292.4	18722		TTG	T			7081	Merged	147,9	0.053	156	48,5	41,3	137,8		0|1	0|1	18687_G_A		18687	65,82,5,4	TTG|T	18722:TTG:T
hg38_knownGene_ENST00000610292.4	18725		C	CAT			7083	Merged	194,9	0.04	203	65,5	70,3	184,8		0|1	0|1	18687_G_A		18687	78,116,5,4	C|CAT	18725:C:CAT
hg38_knownGene_ENST00000610292.4	19004		CCT	C			7176	Merged	13,3	0.222	16	1,0	2,0	13,3		0|1	0|1	18865_G_A		18865	0,13,0,3	CCT|C	19004:CCT:C
hg38_knownGene_ENST00000610292.4	19007		T	TGC			7178	Merged	12,3	0.235	15	1,0	2,0	12,3		0|1	0|1	18865_G_A		18865	0,12,0,3	T|TGC	19007:T:TGC
