POS	Ground Truth REF	Ground Truth DP	Ground Truth ALT	Count	Ground Truth AF	mut	type
320	CCCGAA	965	C	46	0.047668	320:CCCGAA:C	FN
379	C	1018	CGAG	44	0.043222	379:C:CGAG	FN
383	A	1025	AG	50	0.04878	383:A:AG	FN
429	C	1024	CTTCCAT	52	0.050781	429:C:CTTCCAT	FN
448	AA	1039	A	42	0.040423	448:AA:A	FN
457	A	1038	AA	63	0.060694	457:A:AA	FN
457	A	1038	ATTTCCCCA	44	0.042389	457:A:ATTTCCCCA	FN
595	TTC	1061	T	62	0.058435	595:TTC:T	FN
605	T	1048	TG	50	0.04771	605:T:TG	FN
624	T	1064	TGATATGCTTT	53	0.049812	624:T:TGATATGCTTT	FN
632	T	1066	TA	40	0.037523	632:T:TA	FN
657	CCTA	1017	C	53	0.052114	657:CCTA:C	FN
661	AATG	1028	A	45	0.043774	661:AATG:A	FN
662	TT	984	T	43	0.043699	662:TT:T	FN
670	AA	1020	A	48	0.047059	670:AA:A	FN
675	A	1021	AG	47	0.046033	675:A:AG	FN
695	G	1016	GT	46	0.045276	695:G:GT	FN
709	TT	1013	T	56	0.055281	709:TT:T	FN
715	A	1014	AA	54	0.053254	715:A:AA	FN
721	TTTGCC	1011	T	53	0.052423	721:TTTGCC:T	FN
745	GG	1021	G	56	0.054848	745:GG:G	FN
841	G	1006	GG	50	0.049702	841:G:GG	FN
851	A	1018	ATACAAT	54	0.053045	851:A:ATACAAT	FN
851	A	1018	ATTTGCAAA	38	0.037328	851:A:ATTTGCAAA	FN
936	C	973	CC	59	0.060637	936:C:CC	FN
957	GGAT	972	G	64	0.065844	957:GGAT:G	FN
958	AA	909	A	48	0.052805	958:AA:A	FN
959	T	909	TG	43	0.047305	959:T:TG	FN
1002	A	983	AC	33	0.033571	1002:A:AC	FN
1018	CCTCC	961	C	43	0.044745	1018:CCTCC:C	FN
1102	AAAGAA	953	A	46	0.048269	1102:AAAGAA:A	FN
1133	T	938	TCT	49	0.052239	1133:T:TCT	FN
1133	TTTTTC	938	T	49	0.052239	1133:TTTTTC:T	FN
1158	TTT	934	T	47	0.050321	1158:TTT:T	FN
1196	AAA	946	A	35	0.036998	1196:AAA:A	FN
1198	T	947	TTG	50	0.052798	1198:T:TTG	FN
1277	TTA	1000	T	46	0.046	1277:TTA:T	FN
1335	C	1033	CAT	47	0.045499	1335:C:CAT	FN
1387	TTGGT	1019	T	60	0.058881	1387:TTGGT:T	FN
1393	G	1012	GG	56	0.055336	1393:G:GG	FN
1468	C	1009	CTAGACGAGC	55	0.054509	1468:C:CTAGACGAGC	FN
1501	GG	992	G	56	0.056452	1501:GG:G	FN
1505	T	985	TTC	51	0.051777	1505:T:TTC	FN
1514	C	996	CCACCGGC	40	0.040161	1514:C:CCACCGGC	FN
1536	A	989	ACGCGT	48	0.048534	1536:A:ACGCGT	FN
1560	C	963	CTCAA	52	0.053998	1560:C:CTCAA	FN
1560	CCA	963	C	52	0.053998	1560:CCA:C	FN
1606	A	966	AT	43	0.044513	1606:A:AT	FN
1632	C	988	CCGATAGAATT	34	0.034413	1632:C:CCGATAGAATT	FN
1641	AAGAAA	993	A	62	0.062437	1641:AAGAAA:A	FN
1646	CCG	993	C	50	0.050352	1646:CCG:C	FN
1680	C	984	CC	45	0.045732	1680:C:CC	FN
1687	TTT	972	T	42	0.04321	1687:TTT:T	FN
1745	A	983	ACCTCAGGGCA	49	0.049847	1745:A:ACCTCAGGGCA	FN
1770	GG	973	G	55	0.056526	1770:GG:G	FN
1781	G	985	GGGACTG	45	0.045685	1781:G:GGGACTG	FN
1793	C	1000	CA	49	0.049	1793:C:CA	FN
1795	GGAT	1000	G	58	0.058	1795:GGAT:G	FN
1801	T	1002	TTGG	49	0.048902	1801:T:TTGG	FN
1828	G	1018	GCTCGC	38	0.037328	1828:G:GCTCGC	FN
1837	GGGT	1022	G	53	0.051859	1837:GGGT:G	FN
1869	A	1031	AGA	48	0.046557	1869:A:AGA	FN
1874	G	1031	GG	58	0.056256	1874:G:GG	FN
1879	G	1032	GGT	50	0.04845	1879:G:GGT	FN
1902	AAG	1021	A	64	0.062684	1902:AAG:A	FN
1904	C	1029	CA	49	0.047619	1904:C:CA	FN
1913	A	1037	AA	53	0.051109	1913:A:AA	FN
1936	GG	1007	G	40	0.039722	1936:GG:G	FN
1943	GG	1003	G	60	0.059821	1943:GG:G	FN
1969	A	1000	AAC	47	0.047	1969:A:AAC	FN
2020	A	1004	ACATCTT	43	0.042829	2020:A:ACATCTT	FN
2029	G	995	GAAG	105	0.105528	2029:G:GAAG	FN
2054	TT	1005	T	49	0.048756	2054:TT:T	FN
2076	A	1019	AATAGT	35	0.034347	2076:A:AATAGT	FN
2122	T	1017	TCTGGAGG	37	0.036382	2122:T:TCTGGAGG	FN
2219	A	996	AGCTTGCG	50	0.050201	2219:A:AGCTTGCG	FN
2244	GGATC	1000	G	44	0.044	2244:GGATC:G	FN
2316	GGTAT	1005	G	48	0.047761	2316:GGTAT:G	FN
2363	C	1012	CA	53	0.052372	2363:C:CA	FN
2541	GGTTT	1041	G	49	0.04707	2541:GGTTT:G	FN
2547	AAAAGT	1037	A	47	0.045323	2547:AAAAGT:A	FN
2549	A	995	AGCA	51	0.051256	2549:A:AGCA	FN
2549	AAGTA	995	A	43	0.043216	2549:AAGTA:A	FN
2550	G	951	GCT	50	0.052576	2550:G:GCT	FN
2551	TTAGCT	957	T	46	0.048067	2551:TTAGCT:T	FN
2579	T	1034	TGGAC	45	0.04352	2579:T:TGGAC	FN
2607	GGTT	1032	G	50	0.04845	2607:GGTT:G	FN
2610	G	1025	GCAAACCCA	45	0.043902	2610:G:GCAAACCCA	FN
2610	G	1025	GC	4	0.003902	2610:G:GC	FN
2693	C	940	CT	43	0.045745	2693:C:CT	FN
2711	G	935	GG	41	0.04385	2711:G:GG	FN
2727	A	967	AGTCGT	51	0.05274	2727:A:AGTCGT	FN
2739	T	971	TG	58	0.059732	2739:T:TG	FN
2788	TTT	988	T	50	0.050607	2788:TTT:T	FN
2806	C	981	CCTATCAAAC	50	0.050968	2806:C:CCTATCAAAC	FN
2836	CCTTT	1007	C	52	0.051639	2836:CCTTT:C	FN
2844	A	995	ACA	46	0.046231	2844:A:ACA	FN
2885	TTTA	1014	T	62	0.061144	2885:TTTA:T	FN
2885	T	1014	TTTTCAAAA	35	0.034517	2885:T:TTTTCAAAA	FN
2942	TTATCT	1047	T	45	0.04298	2942:TTATCT:T	FN
2946	TTTT	1001	T	61	0.060939	2946:TTTT:T	FN
2985	TTG	1053	T	44	0.041785	2985:TTG:T	FN
2994	CC	1067	C	47	0.044049	2994:CC:C	FN
3015	T	1070	TCT	53	0.049533	3015:T:TCT	FN
3018	T	1069	TTGATGAT	46	0.043031	3018:T:TTGATGAT	FN
3032	T	1065	TC	53	0.049765	3032:T:TC	FN
3041	G	1064	GCGA	51	0.047932	3041:G:GCGA	FN
3055	C	1081	CGCCACATGC	48	0.044403	3055:C:CGCCACATGC	FN
3055	C	1081	CGCC	4	0.0037	3055:C:CGCC	FN
3084	G	1073	GTTC	49	0.045666	3084:G:GTTC	FN
3119	AAGGC	1071	A	56	0.052288	3119:AAGGC:A	FN
3120	G	1014	GAATAACAT	50	0.04931	3120:G:GAATAACAT	FN
3122	C	1013	CGATACCTCT	54	0.053307	3122:C:CGATACCTCT	FN
3157	C	1064	CGC	59	0.055451	3157:C:CGC	FN
3219	CCACA	1013	C	44	0.043435	3219:CCACA:C	FN
3242	TTTT	1015	T	51	0.050246	3242:TTTT:T	FN
3246	T	1018	TCTATT	39	0.03831	3246:T:TCTATT	FN
3282	T	1000	TTG	38	0.038	3282:T:TTG	FN
3326	A	989	ATAGATT	42	0.042467	3326:A:ATAGATT	FN
3385	T	990	TATTGATGTT	52	0.052525	3385:T:TATTGATGTT	FN
3414	A	979	AGT	56	0.057201	3414:A:AGT	FN
3486	GGCTCA	1006	G	54	0.053678	3486:GGCTCA:G	FN
3495	T	1008	TTAGAGCGTGA	50	0.049603	3495:T:TTAGAGCGTGA	FN
3507	A	1008	AT	47	0.046627	3507:A:AT	FN
3513	G	1001	GGCG	57	0.056943	3513:G:GGCG	FN
3513	GGTA	1001	G	54	0.053946	3513:GGTA:G	FN
3514	TTA	938	T	63	0.067164	3514:TTA:T	FN
3523	GGC	986	G	44	0.044625	3523:GGC:G	FN
3547	G	980	GA	53	0.054082	3547:G:GA	FN
3560	CCTGG	979	C	107	0.109295	3560:CCTGG:C	FN
3672	G	959	GG	34	0.035454	3672:G:GG	FN
3708	GGCGC	944	G	43	0.045551	3708:GGCGC:G	FN
3709	CCG	897	C	56	0.06243	3709:CCG:C	FN
3732	A	963	AA	46	0.047767	3732:A:AA	FN
3762	AAAGAA	942	A	44	0.046709	3762:AAAGAA:A	FN
3776	A	949	AAA	51	0.053741	3776:A:AAA	FN
3801	TTT	963	T	56	0.058152	3801:TTT:T	FN
3828	C	982	CTATTCGATCG	34	0.034623	3828:C:CTATTCGATCG	FN
3925	T	1015	TG	53	0.052217	3925:T:TG	FN
3933	TTA	1020	T	48	0.047059	3933:TTA:T	FN
3958	C	1011	CCCC	50	0.049456	3958:C:CCCC	FN
4037	AAGCCT	1003	A	49	0.048853	4037:AAGCCT:A	FN
4062	G	1007	GGTGTAGTT	44	0.043694	4062:G:GGTGTAGTT	FN
4111	G	977	GT	50	0.051177	4111:G:GT	FN
4115	T	975	TC	52	0.053333	4115:T:TC	FN
4144	AAGAT	957	A	46	0.048067	4144:AAGAT:A	FN
4177	A	953	ATTCC	42	0.044071	4177:A:ATTCC	FN
4206	A	961	AAT	41	0.042664	4206:A:AAT	FN
4235	A	966	AGCCA	35	0.036232	4235:A:AGCCA	FN
4235	A	966	AGCC	3	0.003106	4235:A:AGCC	FN
4245	AA	956	A	46	0.048117	4245:AA:A	FN
4280	TT	988	T	52	0.052632	4280:TT:T	FN
4297	AAGGTT	991	A	58	0.058527	4297:AAGGTT:A	FN
4421	GGGAG	1007	G	43	0.042701	4421:GGGAG:G	FN
4484	A	1050	AAA	64	0.060952	4484:A:AAA	FN
4509	A	1055	AA	57	0.054028	4509:A:AA	FN
4558	T	1036	TC	50	0.048263	4558:T:TC	FN
4563	C	1049	CAGGATGG	54	0.051478	4563:C:CAGGATGG	FN
4565	A	1054	AGTA	51	0.048387	4565:A:AGTA	FN
4679	A	1066	AG	56	0.052533	4679:A:AG	FN
4681	C	1068	CCA	52	0.048689	4681:C:CCA	FN
4682	C	1069	CGA	46	0.043031	4682:C:CGA	FN
4687	A	1060	ATGA	32	0.030189	4687:A:ATGA	FN
4714	T	1035	TG	49	0.047343	4714:T:TG	FN
4719	C	1030	CAAGCTACCGC	48	0.046602	4719:C:CAAGCTACCGC	FN
4771	A	1008	AACTTCTCCA	23	0.022817	4771:A:AACTTCTCCA	FN
4772	AAAGG	1008	A	58	0.05754	4772:AAAGG:A	FN
4816	A	978	AGCA	32	0.03272	4816:A:AGCA	FN
4878	T	970	TTTGGG	41	0.042268	4878:T:TTTGGG	FN
4897	C	952	CTCGTAATTAC	43	0.045168	4897:C:CTCGTAATTAC	FN
4913	GGC	948	G	44	0.046414	4913:GGC:G	FN
4917	C	941	CA	46	0.048884	4917:C:CA	FN
4921	AAGTC	939	A	45	0.047923	4921:AAGTC:A	FN
4976	G	942	GAGA	47	0.049894	4976:G:GAGA	FN
5002	C	916	CT	46	0.050218	5002:C:CT	FN
5112	G	949	GA	37	0.038988	5112:G:GA	FN
5170	G	984	GCCGACCT	58	0.058943	5170:G:GCCGACCT	FN
5214	C	1002	CGCCC	39	0.038922	5214:C:CGCCC	FN
5249	T	998	TC	45	0.04509	5249:T:TC	FN
5304	A	1030	ATGGACATTGA	35	0.033981	5304:A:ATGGACATTGA	FN
5304	A	1030	ATG	3	0.002913	5304:A:ATG	FN
5327	T	1008	TTT	60	0.059524	5327:T:TTT	FN
5400	G	995	GG	57	0.057286	5400:G:GG	FN
5402	T	999	TATGGGCGCTG	30	0.03003	5402:T:TATGGGCGCTG	FN
5413	T	1007	TC	44	0.043694	5413:T:TC	FN
5444	G	1022	GCGCACTA	42	0.041096	5444:G:GCGCACTA	FN
5447	GG	1024	G	61	0.05957	5447:GG:G	FN
5484	A	1025	AGA	43	0.041951	5484:A:AGA	FN
5512	AA	1023	A	60	0.058651	5512:AA:A	FN
5556	A	1029	AA	48	0.046647	5556:A:AA	FN
5592	A	1001	AAGG	41	0.040959	5592:A:AAGG	FN
5600	GGGC	994	G	45	0.045272	5600:GGGC:G	FN
5606	G	991	GTCATG	43	0.043391	5606:G:GTCATG	FN
5655	AA	988	A	44	0.044534	5655:AA:A	FN
5703	GG	978	G	49	0.050102	5703:GG:G	FN
5726	AA	968	A	52	0.053719	5726:AA:A	FN
5734	CCA	974	C	52	0.053388	5734:CCA:C	FN
5745	GGCC	976	G	63	0.064549	5745:GGCC:G	FN
5745	G	976	GCG	48	0.04918	5745:G:GCG	FN
5755	GGCA	971	G	45	0.046344	5755:GGCA:G	FN
5765	TT	968	T	49	0.05062	5765:TT:T	FN
5833	AA	964	A	45	0.04668	5833:AA:A	FN
5874	A	990	AG	51	0.051515	5874:A:AG	FN
5922	A	952	AC	42	0.044118	5922:A:AC	FN
5945	A	937	AGTTG	43	0.045891	5945:A:AGTTG	FN
5975	A	934	AGCA	44	0.047109	5975:A:AGCA	FN
5986	G	939	GGG	44	0.046858	5986:G:GGG	FN
6057	AAGG	923	A	46	0.049837	6057:AAGG:A	FN
6121	A	928	AT	57	0.061422	6121:A:AT	FN
6130	C	921	CGTAGATC	29	0.031488	6130:C:CGTAGATC	FN
6203	G	934	GA	41	0.043897	6203:G:GA	FN
6208	AACT	942	A	50	0.053079	6208:AACT:A	FN
6217	C	933	CACAG	41	0.043944	6217:C:CACAG	FN
6219	G	924	GTA	42	0.045455	6219:G:GTA	FN
6321	A	924	AA	47	0.050866	6321:A:AA	FN
6369	T	897	TTT	41	0.045708	6369:T:TTT	FN
6495	A	956	AGAA	34	0.035565	6495:A:AGAA	FN
6503	AAAAA	948	A	51	0.053797	6503:AAAAA:A	FN
6530	GGTG	929	G	46	0.049516	6530:GGTG:G	FN
6549	C	931	CG	55	0.059076	6549:C:CG	FN
6556	C	939	CT	34	0.036209	6556:C:CT	FN
6577	A	965	AA	49	0.050777	6577:A:AA	FN
6596	G	972	GG	55	0.056584	6596:G:GG	FN
6621	G	946	GTCCT	45	0.047569	6621:G:GTCCT	FN
6622	CC	946	C	40	0.042283	6622:CC:C	FN
6626	A	953	AA	46	0.048269	6626:A:AA	FN
6634	C	956	CC	51	0.053347	6634:C:CC	FN
6640	T	971	TG	47	0.048404	6640:T:TG	FN
6658	CCTC	974	C	50	0.051335	6658:CCTC:C	FN
6780	A	1033	AG	50	0.048403	6780:A:AG	FN
6795	C	1025	CC	49	0.047805	6795:C:CC	FN
6823	C	1020	CA	51	0.05	6823:C:CA	FN
6827	CCT	1025	C	43	0.041951	6827:CCT:C	FN
6892	A	1035	AT	61	0.058937	6892:A:AT	FN
6931	T	1019	TTGAGAA	45	0.044161	6931:T:TTGAGAA	FN
7009	A	975	AG	52	0.053333	7009:A:AG	FN
7037	C	990	CT	53	0.053535	7037:C:CT	FN
7037	C	990	CA	44	0.044444	7037:C:CA	FN
7084	GGGC	987	G	54	0.054711	7084:GGGC:G	FN
7114	A	992	ACGAACTA	51	0.051411	7114:A:ACGAACTA	FN
7126	C	1006	CTAACTC	52	0.05169	7126:C:CTAACTC	FN
7128	A	1013	AC	41	0.040474	7128:A:AC	FN
7132	C	1011	CT	56	0.055391	7132:C:CT	FN
7137	A	1025	ACTA	54	0.052683	7137:A:ACTA	FN
7149	A	1024	AA	49	0.047852	7149:A:AA	FN
7238	T	1029	TG	40	0.038873	7238:T:TG	FN
7244	AA	1031	A	60	0.058196	7244:AA:A	FN
7274	TTA	1051	T	39	0.037108	7274:TTA:T	FN
7275	A	1009	AC	44	0.043608	7275:A:AC	FN
7278	TTTG	1045	T	61	0.058373	7278:TTTG:T	FN
7323	AAGC	1022	A	54	0.052838	7323:AAGC:A	FN
7337	A	1018	AGTCACGT	44	0.043222	7337:A:AGTCACGT	FN
7397	AAGCC	1043	A	58	0.055609	7397:AAGCC:A	FN
7416	T	1038	TG	54	0.052023	7416:T:TG	FN
7433	C	1021	CAGG	40	0.039177	7433:C:CAGG	FN
7494	C	1018	CCTT	90	0.088409	7494:C:CCTT	FN
7513	A	1014	AA	42	0.04142	7513:A:AA	FN
7542	AAGA	996	A	47	0.047189	7542:AAGA:A	FN
7565	A	999	ACTCGATATT	52	0.052052	7565:A:ACTCGATATT	FN
7600	A	1031	ACGT	54	0.052376	7600:A:ACGT	FN
7601	TTTGA	1036	T	48	0.046332	7601:TTTGA:T	FN
7624	CCA	1035	C	39	0.037681	7624:CCA:C	FN
7656	AAGA	1041	A	54	0.051873	7656:AAGA:A	FN
7783	GGAAA	989	G	41	0.041456	7783:GGAAA:G	FN
7793	A	985	AATGGGA	47	0.047716	7793:A:AATGGGA	FN
7836	T	976	TT	59	0.060451	7836:T:TT	FN
7859	AAG	976	A	64	0.065574	7859:AAG:A	FN
7925	GG	994	G	56	0.056338	7925:GG:G	FN
7969	T	972	TAC	37	0.038066	7969:T:TAC	FN
8011	TTGTG	1005	T	49	0.048756	8011:TTGTG:T	FN
8017	G	1012	GAG	57	0.056324	8017:G:GAG	FN
8033	C	1022	CGC	38	0.037182	8033:C:CGC	FN
8136	T	1070	TG	48	0.04486	8136:T:TG	FN
8199	A	1039	ACCGACCCTGG	38	0.036574	8199:A:ACCGACCCTGG	FN
8248	G	1044	GG	61	0.058429	8248:G:GG	FN
8256	C	1041	CC	48	0.04611	8256:C:CC	FN
8262	AAGTGG	1039	A	51	0.049086	8262:AAGTGG:A	FN
8515	CCCAGC	999	C	51	0.051051	8515:CCCAGC:C	FN
8530	G	1012	GTGG	56	0.055336	8530:G:GTGG	FN
8547	AAA	1029	A	62	0.060253	8547:AAA:A	FN
8571	A	1007	AGATGTTA	35	0.034757	8571:A:AGATGTTA	FN
8582	AA	1003	A	51	0.050847	8582:AA:A	FN
8592	TTGTT	1026	T	61	0.059454	8592:TTGTT:T	FN
8692	T	1038	TCGT	52	0.050096	8692:T:TCGT	FN
8745	TTCA	1039	T	48	0.046198	8745:TTCA:T	FN
8750	C	1053	CACG	60	0.05698	8750:C:CACG	FN
8798	GGTC	1019	G	48	0.047105	8798:GGTC:G	FN
8882	GG	1045	G	48	0.045933	8882:GG:G	FN
8890	TTAAT	1046	T	46	0.043977	8890:TTAAT:T	FN
8905	AAGGAA	1051	A	51	0.048525	8905:AAGGAA:A	FN
8906	G	997	GT	41	0.041123	8906:G:GT	FN
8931	GG	1065	G	47	0.044131	8931:GG:G	FN
8964	AATC	1042	A	56	0.053743	8964:AATC:A	FN
9078	TTTGGG	1010	T	45	0.044554	9078:TTTGGG:T	FN
9093	AA	1015	A	59	0.058128	9093:AA:A	FN
9102	AA	998	A	47	0.047094	9102:AA:A	FN
9150	TT	1000	T	113	0.113	9150:TT:T	FN
9167	C	989	CGAT	48	0.048534	9167:C:CGAT	FN
9246	AA	988	A	43	0.043522	9246:AA:A	FN
9251	A	991	AA	70	0.070636	9251:A:AA	FN
9276	G	976	GCA	65	0.066598	9276:G:GCA	FN
9303	AAGC	965	A	45	0.046632	9303:AAGC:A	FN
9311	C	970	CTCTGTGTGGT	40	0.041237	9311:C:CTCTGTGTGGT	FN
9313	A	967	AAA	59	0.061013	9313:A:AAA	FN
9395	GG	973	G	55	0.056526	9395:GG:G	FN
9405	CCAGG	961	C	60	0.062435	9405:CCAGG:C	FN
9488	C	937	CAG	47	0.05016	9488:C:CAG	FN
9524	C	942	CTGCCAGGT	39	0.041401	9524:C:CTGCCAGGT	FN
9566	AA	964	A	46	0.047718	9566:AA:A	FN
9568	G	970	GAG	43	0.04433	9568:G:GAG	FN
9569	G	969	GTGGGATGC	39	0.040248	9569:G:GTGGGATGC	FN
9603	C	992	CATTCCGACAA	51	0.051411	9603:C:CATTCCGACAA	FN
9794	GGATA	1002	G	42	0.041916	9794:GGATA:G	FN
9797	AAAA	961	A	39	0.040583	9797:AAAA:A	FN
9822	C	985	CT	51	0.051777	9822:C:CT	FN
9877	T	989	TA	40	0.040445	9877:T:TA	FN
9898	G	987	GC	55	0.055724	9898:G:GC	FN
9901	T	991	TATTCCC	52	0.052472	9901:T:TATTCCC	FN
9923	C	980	CC	45	0.045918	9923:C:CC	FN
9925	A	975	ATG	55	0.05641	9925:A:ATG	FN
9927	G	983	GC	58	0.059003	9927:G:GC	FN
9949	G	984	GC	46	0.046748	9949:G:GC	FN
9989	A	1002	ATC	57	0.056886	9989:A:ATC	FN
10016	AA	976	A	40	0.040984	10016:AA:A	FN
10043	T	976	TTC	48	0.04918	10043:T:TTC	FN
10114	A	979	AG	56	0.057201	10114:A:AG	FN
10325	T	974	TT	51	0.052361	10325:T:TT	FN
10325	TTCGA	974	T	41	0.042094	10325:TTCGA:T	FN
10346	TTGCA	981	T	57	0.058104	10346:TTGCA:T	FN
10364	CC	988	C	65	0.065789	10364:CC:C	FN
10382	GGC	986	G	47	0.047667	10382:GGC:G	FN
10523	AA	1015	A	40	0.039409	10523:AA:A	FN
10543	AA	1029	A	48	0.046647	10543:AA:A	FN
10573	C	1028	CTAGCTACAA	44	0.042802	10573:C:CTAGCTACAA	FN
10579	G	1034	GA	46	0.044487	10579:G:GA	FN
10616	T	1036	TT	44	0.042471	10616:T:TT	FN
10618	CCCTC	1035	C	42	0.04058	10618:CCCTC:C	FN
10629	G	1050	GC	57	0.054286	10629:G:GC	FN
10636	C	1067	CGAG	54	0.050609	10636:C:CGAG	FN
10679	T	1072	TGGGATAC	51	0.047575	10679:T:TGGGATAC	FN
10729	T	1025	TAG	47	0.045854	10729:T:TAG	FN
10733	G	1021	GG	50	0.048972	10733:G:GG	FN
10737	C	984	CC	54	0.054878	10737:C:CC	FN
10747	CCGA	1016	C	65	0.063976	10747:CCGA:C	FN
10754	T	1025	TAAGTT	53	0.051707	10754:T:TAAGTT	FN
10828	C	993	CG	56	0.056395	10828:C:CG	FN
10834	C	1020	CCGA	44	0.043137	10834:C:CCGA	FN
10923	CCCC	993	C	42	0.042296	10923:CCCC:C	FN
10938	A	992	AAGATTCAGC	47	0.047379	10938:A:AAGATTCAGC	FN
10953	A	978	AGA	52	0.05317	10953:A:AGA	FN
10958	A	970	AA	34	0.035052	10958:A:AA	FN
10983	G	960	GCTTTCG	35	0.036458	10983:G:GCTTTCG	FN
11027	C	966	CC	53	0.054865	11027:C:CC	FN
11044	T	957	TT	53	0.055381	11044:T:TT	FN
11048	AATGG	951	A	58	0.060988	11048:AATGG:A	FN
11061	T	938	TC	52	0.055437	11061:T:TC	FN
11070	G	958	GTC	54	0.056367	11070:G:GTC	FN
11111	G	958	GGT	50	0.052192	11111:G:GGT	FN
11124	G	943	GTGTAGGG	58	0.061506	11124:G:GTGTAGGG	FN
11166	G	934	GTCAAGGGC	43	0.046039	11166:G:GTCAAGGGC	FN
11169	G	942	GG	45	0.047771	11169:G:GG	FN
11200	C	923	CTAGGA	40	0.043337	11200:C:CTAGGA	FN
11231	AA	915	A	47	0.051366	11231:AA:A	FN
11231	A	915	AC	33	0.036066	11231:A:AC	FN
11327	C	948	CCATAGATACA	45	0.047468	11327:C:CCATAGATACA	FN
11371	A	936	AG	45	0.048077	11371:A:AG	FN
11443	TTC	1005	T	51	0.050746	11443:TTC:T	FN
11518	G	1032	GTA	56	0.054264	11518:G:GTA	FN
11563	G	1026	GT	45	0.04386	11563:G:GT	FN
11566	CC	1021	C	49	0.047992	11566:CC:C	FN
11636	TTCTCT	1036	T	45	0.043436	11636:TTCTCT:T	FN
11717	C	1021	CAG	51	0.049951	11717:C:CAG	FN
11792	CC	1030	C	51	0.049515	11792:CC:C	FN
11809	G	1030	GGTCCTAG	42	0.040777	11809:G:GGTCCTAG	FN
11818	G	1011	GCG	52	0.051434	11818:G:GCG	FN
11844	AAG	1028	A	45	0.043774	11844:AAG:A	FN
11880	G	1005	GG	63	0.062687	11880:G:GG	FN
11883	AACAT	1002	A	50	0.0499	11883:AACAT:A	FN
11890	G	998	GA	51	0.051102	11890:G:GA	FN
11920	A	986	ACCTGAGCCG	36	0.036511	11920:A:ACCTGAGCCG	FN
11986	AA	975	A	43	0.044103	11986:AA:A	FN
12009	T	918	TA	48	0.052288	12009:T:TA	FN
12043	CC	984	C	39	0.039634	12043:CC:C	FN
12055	A	953	AA	34	0.035677	12055:A:AA	FN
12084	A	968	ATT	38	0.039256	12084:A:ATT	FN
12090	A	963	AA	45	0.046729	12090:A:AA	FN
12099	TTGA	962	T	40	0.04158	12099:TTGA:T	FN
12105	G	959	GC	47	0.049009	12105:G:GC	FN
12153	A	983	AA	60	0.061038	12153:A:AA	FN
12154	C	979	CT	53	0.054137	12154:C:CT	FN
12250	C	941	CGA	49	0.052072	12250:C:CGA	FN
12261	A	953	ACC	45	0.047219	12261:A:ACC	FN
12274	GGCCA	919	G	60	0.065288	12274:GGCCA:G	FN
12286	A	933	AG	49	0.052519	12286:A:AG	FN
12290	C	909	CAC	56	0.061606	12290:C:CAC	FN
12293	C	916	CC	38	0.041485	12293:C:CC	FN
12346	C	951	CC	46	0.04837	12346:C:CC	FN
12376	TTGA	924	T	45	0.048701	12376:TTGA:T	FN
12419	A	954	AGC	43	0.045073	12419:A:AGC	FN
12446	G	950	GG	94	0.098947	12446:G:GG	FN
12513	C	985	CT	45	0.045685	12513:C:CT	FN
12517	C	985	CCG	51	0.051777	12517:C:CCG	FN
12519	C	993	CG	42	0.042296	12519:C:CG	FN
12541	T	1008	TT	59	0.058532	12541:T:TT	FN
12557	T	991	TTGG	55	0.055499	12557:T:TTGG	FN
12565	AAT	993	A	51	0.05136	12565:AAT:A	FN
12570	GGATGA	935	G	46	0.049198	12570:GGATGA:G	FN
12574	AAC	946	A	55	0.05814	12574:AAC:A	FN
12577	G	998	GC	64	0.064128	12577:G:GC	FN
12591	C	988	CG	51	0.051619	12591:C:CG	FN
12608	C	983	CCA	49	0.049847	12608:C:CCA	FN
12608	C	983	CG	45	0.045778	12608:C:CG	FN
12660	T	1004	TC	46	0.045817	12660:T:TC	FN
12733	T	996	TCC	47	0.047189	12733:T:TCC	FN
12802	G	978	GG	50	0.051125	12802:G:GG	FN
12810	G	975	GCTGCCTGTG	42	0.043077	12810:G:GCTGCCTGTG	FN
12829	GGCGC	982	G	41	0.041752	12829:GGCGC:G	FN
12835	TT	986	T	43	0.043611	12835:TT:T	FN
12870	CC	991	C	44	0.0444	12870:CC:C	FN
12936	A	956	AC	52	0.054393	12936:A:AC	FN
13084	C	995	CCC	55	0.055276	13084:C:CCC	FN
13087	CCAGA	986	C	93	0.09432	13087:CCAGA:C	FN
13179	T	971	TC	41	0.042225	13179:T:TC	FN
13183	A	978	ATT	56	0.05726	13183:A:ATT	FN
13206	T	960	TGTCG	50	0.052083	13206:T:TGTCG	FN
13255	AAT	958	A	51	0.053236	13255:AAT:A	FN
13259	A	962	AGAGCA	51	0.053015	13259:A:AGAGCA	FN
13284	CCA	955	C	52	0.05445	13284:CCA:C	FN
13290	GGG	957	G	51	0.053292	13290:GGG:G	FN
13303	T	942	TCGT	32	0.03397	13303:T:TCGT	FN
13309	G	940	GG	53	0.056383	13309:G:GG	FN
13322	C	935	CGG	49	0.052406	13322:C:CGG	FN
13324	GGCACA	937	G	45	0.048026	13324:GGCACA:G	FN
13332	G	937	GG	54	0.057631	13332:G:GG	FN
13373	C	926	CGAA	44	0.047516	13373:C:CGAA	FN
13401	A	909	ACG	44	0.048405	13401:A:ACG	FN
13413	C	908	CAACGT	37	0.040749	13413:C:CAACGT	FN
13430	G	906	GA	35	0.038631	13430:G:GA	FN
13432	C	909	CTCT	37	0.040704	13432:C:CTCT	FN
13474	G	908	GA	45	0.049559	13474:G:GA	FN
13481	GGGACC	913	G	47	0.051479	13481:GGGACC:G	FN
13492	C	938	CT	46	0.049041	13492:C:CT	FN
13495	G	941	GGC	43	0.045696	13495:G:GGC	FN
13513	A	952	AG	44	0.046218	13513:A:AG	FN
13567	GGAGC	933	G	40	0.042872	13567:GGAGC:G	FN
13574	GGTT	931	G	48	0.051557	13574:GGTT:G	FN
13592	G	935	GG	47	0.050267	13592:G:GG	FN
13596	GGACC	943	G	36	0.038176	13596:GGACC:G	FN
13610	A	943	ATGTCTCTTCG	34	0.036055	13610:A:ATGTCTCTTCG	FN
13615	C	948	CGCGACC	38	0.040084	13615:C:CGCGACC	FN
13637	CCTGA	963	C	54	0.056075	13637:CCTGA:C	FN
13639	G	905	GAC	38	0.041989	13639:G:GAC	FN
13644	G	975	GAA	38	0.038974	13644:G:GAA	FN
13644	G	975	GGAAGGCTT	37	0.037949	13644:G:GGAAGGCTT	FN
13701	G	1003	GTCT	56	0.055833	13701:G:GTCT	FN
13723	G	999	GATCGGACT	42	0.042042	13723:G:GATCGGACT	FN
13749	AACCA	987	A	47	0.047619	13749:AACCA:A	FN
13767	GGGAG	957	G	43	0.044932	13767:GGGAG:G	FN
13790	G	989	GTA	50	0.050556	13790:G:GTA	FN
13795	A	997	AAA	67	0.067202	13795:A:AAA	FN
13813	GG	984	G	65	0.066057	13813:GG:G	FN
13845	T	966	TC	30	0.031056	13845:T:TC	FN
13913	AAGA	991	A	43	0.043391	13913:AAGA:A	FN
13948	GGT	961	G	42	0.043704	13948:GGT:G	FN
13988	AAGT	985	A	34	0.034518	13988:AAGT:A	FN
13995	C	1002	CTTTAAAGAC	40	0.03992	13995:C:CTTTAAAGAC	FN
14007	C	991	CA	46	0.046418	14007:C:CA	FN
14031	T	997	TAT	43	0.043129	14031:T:TAT	FN
14037	TTG	996	T	103	0.103414	14037:TTG:T	FN
14085	C	999	CATGTA	51	0.051051	14085:C:CATGTA	FN
14127	A	999	AACTTA	45	0.045045	14127:A:AACTTA	FN
14127	A	999	AAC	3	0.003003	14127:A:AAC	FN
14139	AA	1010	A	48	0.047525	14139:AA:A	FN
14146	CCAGA	1006	C	60	0.059642	14146:CCAGA:C	FN
14147	AA	947	A	54	0.057022	14147:AA:A	FN
14150	CCCAG	1009	C	47	0.046581	14150:CCCAG:C	FN
14194	T	1008	TT	36	0.035714	14194:T:TT	FN
14213	C	1005	CG	44	0.043781	14213:C:CG	FN
14258	T	1001	TTCC	40	0.03996	14258:T:TTCC	FN
14375	T	1005	TGCT	43	0.042786	14375:T:TGCT	FN
14431	C	988	CTG	42	0.04251	14431:C:CTG	FN
14445	TT	974	T	56	0.057495	14445:TT:T	FN
14517	T	964	TA	45	0.04668	14517:T:TA	FN
14563	C	985	CAACTCC	93	0.094416	14563:C:CAACTCC	FN
14600	TTGCC	973	T	47	0.048304	14600:TTGCC:T	FN
14601	GGCCT	923	G	38	0.04117	14601:GGCCT:G	FN
14662	C	955	CTAACGGGGGC	34	0.035602	14662:C:CTAACGGGGGC	FN
14686	AA	939	A	45	0.047923	14686:AA:A	FN
14724	TTGA	932	T	46	0.049356	14724:TTGA:T	FN
14740	C	926	CC	49	0.052916	14740:C:CC	FN
14753	T	953	TC	54	0.056663	14753:T:TC	FN
14899	A	968	ATA	50	0.051653	14899:A:ATA	FN
14931	T	962	TCCAT	58	0.060291	14931:T:TCCAT	FN
14939	AAGTA	962	A	53	0.055094	14939:AAGTA:A	FN
14964	G	971	GCCTCGG	57	0.058702	14964:G:GCCTCGG	FN
14975	C	968	CG	49	0.05062	14975:C:CG	FN
15008	C	993	CC	52	0.052367	15008:C:CC	FN
15056	A	1017	ATG	47	0.046214	15056:A:ATG	FN
15097	C	978	CG	44	0.04499	15097:C:CG	FN
15136	AA	996	A	38	0.038153	15136:AA:A	FN
15151	T	1004	TTGT	55	0.054781	15151:T:TTGT	FN
15159	CC	995	C	37	0.037186	15159:CC:C	FN
15199	CCGAA	967	C	35	0.036194	15199:CCGAA:C	FN
15317	C	978	CTC	53	0.054192	15317:C:CTC	FN
15366	CCC	1011	C	51	0.050445	15366:CCC:C	FN
15368	C	1013	CA	52	0.051333	15368:C:CA	FN
15396	AACA	1001	A	41	0.040959	15396:AACA:A	FN
15400	AAGTC	955	A	50	0.052356	15400:AAGTC:A	FN
15420	G	1008	GGT	47	0.046627	15420:G:GGT	FN
15424	GG	1011	G	45	0.04451	15424:GG:G	FN
15446	C	1010	CTCG	50	0.049505	15446:C:CTCG	FN
15477	G	1014	GAACA	40	0.039448	15477:G:GAACA	FN
15521	CCGACA	1030	C	42	0.040777	15521:CCGACA:C	FN
15559	G	1046	GAAGGGTTTC	44	0.042065	15559:G:GAAGGGTTTC	FN
15562	T	1034	TT	52	0.05029	15562:T:TT	FN
15565	CC	1040	C	70	0.067308	15565:CC:C	FN
15622	C	1008	CCT	45	0.044643	15622:C:CCT	FN
15634	T	997	TT	63	0.06319	15634:T:TT	FN
15642	CC	1025	C	48	0.046829	15642:CC:C	FN
15673	T	1000	TGG	44	0.044	15673:T:TGG	FN
15779	A	1003	AT	69	0.068794	15779:A:AT	FN
15796	AA	976	A	36	0.036885	15796:AA:A	FN
15804	AAA	989	A	41	0.041456	15804:AAA:A	FN
15814	G	993	GGT	51	0.05136	15814:G:GGT	FN
15856	CCGCA	970	C	55	0.056701	15856:CCGCA:C	FN
15868	CC	970	C	52	0.053608	15868:CC:C	FN
15896	GGGCTC	963	G	57	0.05919	15896:GGGCTC:G	FN
15923	GGG	955	G	58	0.060733	15923:GGG:G	FN
15967	CCCAG	971	C	39	0.040165	15967:CCCAG:C	FN
15971	C	961	CTCTAAC	47	0.048907	15971:C:CTCTAAC	FN
15971	C	961	CTCTAA	3	0.003122	15971:C:CTCTAA	FN
16026	T	932	TCT	52	0.055794	16026:T:TCT	FN
16029	T	930	TC	58	0.062366	16029:T:TC	FN
16061	G	978	GCCTTG	64	0.06544	16061:G:GCCTTG	FN
16061	GGG	978	G	56	0.05726	16061:GGG:G	FN
16144	TT	997	T	62	0.062187	16144:TT:T	FN
16167	A	1018	AAGTGTCGGGT	49	0.048134	16167:A:AAGTGTCGGGT	FN
16175	A	1020	ACTTA	48	0.047059	16175:A:ACTTA	FN
16186	G	994	GA	56	0.056338	16186:G:GA	FN
16192	T	1000	TGCTGACT	48	0.048	16192:T:TGCTGACT	FN
16205	T	1003	TTGCT	60	0.059821	16205:T:TTGCT	FN
16206	AAGT	1003	A	45	0.044865	16206:AAGT:A	FN
16210	C	1009	CG	60	0.059465	16210:C:CG	FN
16218	T	1014	TC	49	0.048323	16218:T:TC	FN
16218	T	1014	TCCCTCT	42	0.04142	16218:T:TCCCTCT	FN
16224	GG	999	G	57	0.057057	16224:GG:G	FN
16236	A	997	AC	62	0.062187	16236:A:AC	FN
16239	A	909	AGC	47	0.051705	16239:A:AGC	FN
16248	G	1000	GATGC	48	0.048	16248:G:GATGC	FN
16254	GGAG	1003	G	61	0.060818	16254:GGAG:G	FN
16263	T	1005	TCAACA	45	0.044776	16263:T:TCAACA	FN
16269	C	1016	CATGATCATCG	56	0.055118	16269:C:CATGATCATCG	FN
16277	C	1000	CTTTTT	36	0.036	16277:C:CTTTTT	FN
16290	CCATCT	979	C	40	0.040858	16290:CCATCT:C	FN
16304	A	984	AT	55	0.055894	16304:A:AT	FN
16318	C	956	CACACAGAAC	47	0.049163	16318:C:CACACAGAAC	FN
16348	T	962	TT	87	0.090437	16348:T:TT	FN
16348	TTT	962	T	58	0.060291	16348:TTT:T	FN
16354	A	959	ACG	50	0.052138	16354:A:ACG	FN
16382	C	1006	CC	50	0.049702	16382:C:CC	FN
16389	T	1002	TATACG	34	0.033932	16389:T:TATACG	FN
16403	GGCTA	992	G	49	0.049395	16403:GGCTA:G	FN
16415	A	990	ACAG	56	0.056566	16415:A:ACAG	FN
16427	T	991	TT	48	0.048436	16427:T:TT	FN
16452	G	983	GCAGGA	38	0.038657	16452:G:GCAGGA	FN
16553	A	983	AG	50	0.050865	16553:A:AG	FN
16606	A	1006	AC	42	0.04175	16606:A:AC	FN
16744	CCTCC	1016	C	47	0.04626	16744:CCTCC:C	FN
16800	G	979	GCTG	39	0.039837	16800:G:GCTG	FN
16831	C	993	CGA	44	0.04431	16831:C:CGA	FN
16833	C	998	CC	44	0.044088	16833:C:CC	FN
16871	C	1019	CCT	51	0.050049	16871:C:CCT	FN
16876	G	1013	GGGATACAC	49	0.048371	16876:G:GGGATACAC	FN
16888	C	997	CCGATA	36	0.036108	16888:C:CCGATA	FN
16928	AAGC	1024	A	53	0.051758	16928:AAGC:A	FN
17035	AA	1060	A	61	0.057547	17035:AA:A	FN
17071	GGAAC	1089	G	47	0.043159	17071:GGAAC:G	FN
17072	AAA	1047	A	65	0.062082	17072:AAA:A	FN
17093	GG	1103	G	63	0.057117	17093:GG:G	FN
17233	CCT	995	C	44	0.044221	17233:CCT:C	FN
17297	T	969	TCA	55	0.05676	17297:T:TCA	FN
17380	G	969	GAC	56	0.057792	17380:G:GAC	FN
17382	G	970	GTG	39	0.040206	17382:G:GTG	FN
17421	G	939	GCGG	46	0.048988	17421:G:GCGG	FN
17422	TTG	934	T	50	0.053533	17422:TTG:T	FN
17443	CCCAG	932	C	40	0.042918	17443:CCCAG:C	FN
17484	A	954	AAC	46	0.048218	17484:A:AAC	FN
17486	C	959	CCCTGAAC	51	0.05318	17486:C:CCCTGAAC	FN
17517	TTCTC	944	T	42	0.044492	17517:TTCTC:T	FN
17541	GGCA	932	G	47	0.050429	17541:GGCA:G	FN
17557	T	939	TATAGT	51	0.054313	17557:T:TATAGT	FN
17611	TTAA	942	T	44	0.046709	17611:TTAA:T	FN
17709	TTC	950	T	51	0.053684	17709:TTC:T	FN
17735	C	912	CAC	52	0.057018	17735:C:CAC	FN
17742	C	956	CTCC	41	0.042887	17742:C:CTCC	FN
17744	T	954	TAT	42	0.044025	17744:T:TAT	FN
17800	A	970	AGGGCCCT	40	0.041237	17800:A:AGGGCCCT	FN
17831	T	981	TA	47	0.04791	17831:T:TA	FN
17854	A	994	ATAG	65	0.065392	17854:A:ATAG	FN
17887	T	964	TCCCTGGCTGT	47	0.048755	17887:T:TCCCTGGCTGT	FN
17943	TTTTG	954	T	45	0.04717	17943:TTTTG:T	FN
17944	T	908	TTG	37	0.040749	17944:T:TTG	FN
17950	C	947	CG	42	0.044351	17950:C:CG	FN
17964	TTT	939	T	42	0.044728	17964:TTT:T	FN
18083	TTAC	1007	T	53	0.052632	18083:TTAC:T	FN
18086	C	1003	CAT	52	0.051844	18086:C:CAT	FN
18094	A	1007	AAAAA	56	0.055611	18094:A:AAAAA	FN
18112	TTG	1017	T	46	0.045231	18112:TTG:T	FN
18144	T	1017	TCCACAT	66	0.064897	18144:T:TCCACAT	FN
18195	T	1048	TGGTACCA	39	0.037214	18195:T:TGGTACCA	FN
18203	A	1040	ATT	67	0.064423	18203:A:ATT	FN
18237	TTT	1057	T	63	0.059603	18237:TTT:T	FN
18238	T	990	TT	47	0.047475	18238:T:TT	FN
18257	T	1046	TACAGAAGA	61	0.058317	18257:T:TACAGAAGA	FN
18295	GGTGC	1047	G	55	0.052531	18295:GGTGC:G	FN
18309	T	1025	TTACT	48	0.046829	18309:T:TTACT	FN
18422	T	1031	TCC	51	0.049467	18422:T:TCC	FN
18434	GGGC	1025	G	56	0.054634	18434:GGGC:G	FN
18439	C	1026	CCA	51	0.049708	18439:C:CCA	FN
18469	T	1043	TT	49	0.04698	18469:T:TT	FN
18471	C	1045	CT	38	0.036364	18471:C:CT	FN
18492	TT	1021	T	56	0.054848	18492:TT:T	FN
18516	TTAC	1033	T	43	0.041626	18516:TTAC:T	FN
18526	G	1040	GACA	50	0.048077	18526:G:GACA	FN
18569	TT	1018	T	59	0.057957	18569:TT:T	FN
18579	T	1021	TAGT	50	0.048972	18579:T:TAGT	FN
18579	TTCTG	1021	T	40	0.039177	18579:TTCTG:T	FN
18598	G	1041	GG	45	0.043228	18598:G:GG	FN
18605	G	1042	GTGCTTCGATA	41	0.039347	18605:G:GTGCTTCGATA	FN
18662	GG	1011	G	50	0.049456	18662:GG:G	FN
18679	CCC	989	C	56	0.056623	18679:CCC:C	FN
18684	CC	988	C	55	0.055668	18684:CC:C	FN
18722	TTTG	925	T	54	0.058378	18722:TTTG:T	FN
18728	C	909	CG	54	0.059406	18728:C:CG	FN
18776	A	786	ATGG	31	0.03944	18776:A:ATGG	FN
