POS	Ground Truth REF	Ground Truth ALT	Ground Truth DP	Ground Truth AF	Mutect2 REF	Mutect2 ALT	Mutect2 DP	Mutect2 AF
372	G	A	486	0.171	G	A	332	0.294
815	A	G	513	0.203				
815	A	C	513	0.002				
954	C	T	521	0.313	C	T	317	0.199
954	C	G	521	0.002				
1139	A	G	537	0.177	A	G	328	0.265
1309	G	A	453	0.137	G	A	202	0.131
1309	G	C	453	0.002				
1365	T	C	509	0.177	T	C	189	0.475
1365	T	G	509	0.002				
1489	C	T	504	0.22				
1489	C	G	504	0.004				
1489	C	A	504	0.002				
1518	T	C	495	0.19	T	C	250	0.035
1518	T	G	495	0.002				
1591	C	T	471	0.151	C	T	379	0.082
1591	C	A	471	0.002				
1730	A	G	457	0.206	A	G	225	0.271
1736	A	G	457	0.234	A	G	223	0.237
1736	A	T	457	0.002				
1800	C	A	463	0.197	C	A	265	0.134
1800	C	T	463	0.002				
1889	T	C	463	0.251	T	C	288	0.155
1889	T	A	463	0.099				
1889	T	G	463	0.002				
1889	T	C	463	0.251				
1889	T	A	463	0.099	T	A	288	0.116
1889	T	G	463	0.002				
2010	T	C	467	0.208	T	C	326	0.263
2010	T	G	467	0.004				
2010	T	A	467	0.002				
2036	A	G	424	0.104	A	G	299	0.142
2036	A	C	424	0.005				
2292	C	G	494	0.215	C	G	260	0.403
2292	C	A	494	0.004				
2292	C	T	494	0.002				
2788	T	A	449	0.076				
2788	T	C	449	0.002				
3053	A	G	498	0.203	A	G	146	0.206
3092	T	A	495	0.188	T	A	225	0.189
3124	A	C	480	0.2	A	C	430	0.194
3124	A	G	480	0.002				
3132	A	G	486	0.302	A	G	391	0.186
3132	A	C	486	0.002				
3186	T	C	494	0.219	T	C	337	0.177
3186	T	G	494	0.002				
3311	C	T	413	0.107	C	T	266	0.154
3311	C	G	413	0.002				
3318	G	A	481	0.189	G	A	322	0.106
3318	G	T	481	0.002				
3515	A	G	479	0.171	A	G	380	0.093
3515	A	C	479	0.004				
3571	G	T	450	0.204	G	T	346	0.114
3591	A	G	515	0.186	A	G	391	0.202
3591	A	C	515	0.004				
3591	A	T	515	0.002				
3609	T	C	522	0.203	T	C	405	0.223
3609	T	G	522	0.002				
3623	C	G	510	0.212	C	G	379	0.283
3623	C	A	510	0.004				
3647	G	A	530	0.209	G	A	370	0.278
3647	G	C	530	0.002				
3918	C	A	489	0.196	C	A	278	0.265
4311	C	T	495	0.184	C	T	406	0.257
4708	A	G	514	0.218				
4717	G	A	517	0.205	G	A	331	0.344
5207	C	T	474	0.287	C	T	230	0.126
5207	C	A	474	0.002				
5218	A	G	485	0.445	A	G	235	0.71
5218	A	T	485	0.004				
5218	A	C	485	0.002				
5225	C	T	501	0.174				
5225	C	A	501	0.004				
5225	C	G	501	0.002				
5353	T	C	450	0.184				
5589	T	C	474	0.165	T	C	291	0.148
5589	T	A	474	0.002				
5609	T	C	469	0.243	T	C	342	0.305
5655	A	G	464	0.287	A	G	386	0.273
5655	A	C	464	0.002				
5763	C	T	482	0.4	C	T	363	0.521
5763	C	A	482	0.002				
5844	G	A	505	0.297	G	A	421	0.282
5844	G	T	505	0.004				
5844	G	C	505	0.002				
5865	A	T	506	0.291				
5865	A	G	506	0.004				
5865	A	T	506	0.291				
5865	A	G	506	0.004				
6314	A	G	495	0.194	A	G	357	0.201
6314	A	C	495	0.002				
6425	C	T	478	0.092				
6425	C	A	478	0.002				
6425	C	G	478	0.002				
6456	C	T	515	0.198	C	T	238	0.247
6456	C	A	515	0.004				
6553	C	T	489	0.235				
6553	C	G	489	0.119	C	G	311	0.082
6553	C	T	489	0.235	C	T	311	0.306
6553	C	G	489	0.119				
6596	G	A	563	0.174				
6596	G	T	563	0.115				
6596	G	C	563	0.098	G	C	325	0.133
6596	G	A	563	0.174				
6596	G	T	563	0.115	G	T	325	0.234
6596	G	C	563	0.098				
6601	G	A	569	0.213	G	A	326	0.302
6705	A	G	494	0.223	A	G	267	0.203
6705	A	C	494	0.004				
6798	G	A	535	0.409	G	A	203	0.762
6798	G	T	535	0.002				
7204	G	A	532	0.194	G	A	325	0.235
7313	G	A	519	0.173				
7313	G	C	519	0.119	G	C	286	0.187
7313	G	T	519	0.002				
7701	A	G	487	0.308	A	G	315	0.203
7800	T	C	483	0.222				
7947	T	C	520	0.196	T	C	155	0.325
7947	T	G	520	0.002				
8095	C	T	461	0.193	C	T	234	0.212
8095	C	A	461	0.002				
8097	G	C	463	0.21	G	C	236	0.226
8188	A	T	487	0.189	A	T	248	0.145
8221	C	G	470	0.194				
8221	C	T	470	0.123	C	T	275	0.141
8221	C	A	470	0.002				
8221	C	G	470	0.194	C	G	275	0.169
8221	C	T	470	0.123				
8221	C	A	470	0.002				
8266	G	A	499	0.2				
8266	G	A	499	0.2				
8351	C	T	407	0.14	C	T	311	0.176
8410	A	G	498	0.211	A	G	295	0.346
8506	C	T	454	0.236	C	T	264	0.148
8699	A	G	502	0.175	A	G	315	0.163
8699	A	C	502	0.002				
8751	C	T	512	0.207	C	T	355	0.078
8751	C	A	512	0.004				
8819	T	C	524	0.162	T	C	420	0.1
8819	T	G	524	0.002				
8844	C	T	503	0.169				
8987	G	A	535	0.335	G	A	455	0.406
9024	G	A	525	0.198	G	A	72	0.765
9024	G	C	525	0.002				
9040	A	G	378	0.222				
9089	A	G	469	0.205				
9137	G	A	525	0.343	G	A	146	0.478
9137	G	T	525	0.002				
9253	C	T	505	0.202	C	T	205	0.376
9253	C	A	505	0.004				
9301	C	T	511	0.196	C	T	398	0.213
9301	C	G	511	0.002				
9398	G	A	472	0.288	G	A	89	0.584
9398	G	C	472	0.112				
9402	A	G	483	0.232				
9508	A	T	496	0.171	A	T	248	0.288
9573	G	T	495	0.196				
9573	G	A	495	0.002				
9573	G	T	495	0.196				
9573	G	A	495	0.002				
9710	T	C	535	0.279	T	C	362	0.19
9710	T	G	535	0.002				
9800	A	T	497	0.199	A	T	272	0.222
10005	T	G	508	0.24	T	G	330	0.296
10005	T	C	508	0.087				
10005	T	G	508	0.24				
10005	T	C	508	0.087	T	C	330	0.05
10074	A	G	516	0.184	A	G	316	0.247
10074	A	C	516	0.002				
10121	C	T	456	0.189				
10121	C	G	456	0.002				
10171	G	A	446	0.17	G	A	239	0.049
10239	G	A	502	0.183				
10239	G	T	502	0.116	G	T	252	0.226
10239	G	C	502	0.002				
10239	G	A	502	0.183	G	A	252	0.026
10239	G	T	502	0.116				
10239	G	C	502	0.002				
10241	G	A	503	0.237	G	A	254	0.231
10241	G	T	503	0.006				
10317	T	C	482	0.237	T	C	262	0.243
10317	T	G	482	0.002				
10331	C	T	483	0.217	C	T	266	0.145
10344	C	T	412	0.107				
10344	C	G	412	0.002	C	G	263	0.099
10344	C	T	412	0.107	C	T	263	0.05
10344	C	G	412	0.002				
10378	A	C	461	0.206				
10378	A	T	461	0.115	A	T	228	0.255
10551	A	G	467	0.246	A	G	233	0.37
10551	A	C	467	0.002				
10598	T	C	517	0.296	T	C	236	0.113
10598	T	A	517	0.002				
10604	G	A	508	0.303	G	A	220	0.509
10646	G	A	511	0.204				
10720	C	A	514	0.243	C	A	199	0.121
10720	C	G	514	0.002				
10815	G	A	504	0.194				
10815	G	T	504	0.002				
10877	G	A	480	0.321	G	A	184	0.38
10877	G	A	480	0.321				
10906	G	T	466	0.221				
10920	G	A	410	0.088	G	A	168	0.024
11037	G	T	488	0.205	G	T	321	0.167
11037	G	A	488	0.096				
11230	A	T	420	0.133	A	T	424	0.114
11230	A	G	420	0.124				
11230	A	T	420	0.133				
11230	A	G	420	0.124	A	G	424	0.131
11324	C	T	474	0.192	C	T	322	0.263
11324	C	G	474	0.004				
11340	C	T	460	0.224	C	T	332	0.05
11340	C	A	460	0.002				
11340	C	G	460	0.002				
11381	T	C	456	0.268	T	C	311	0.338
11381	T	A	456	0.002				
11424	A	G	496	0.202	A	G	300	0.302
11424	A	T	496	0.085				
11424	A	G	496	0.202				
11424	A	T	496	0.085	A	T	300	0.149
11574	T	C	464	0.325	T	C	165	0.27
11574	T	G	464	0.002				
11596	C	T	482	0.309	C	T	99	0.663
11596	C	G	482	0.087				
11596	C	A	482	0.004				
11728	A	G	499	0.196	A	G	410	0.221
11772	A	G	489	0.207	A	G	348	0.149
11772	A	C	489	0.002				
11808	T	C	475	0.293				
11808	T	A	475	0.002				
11808	T	C	475	0.293				
11808	T	A	475	0.002				
11848	C	T	472	0.22	C	T	153	0.113
11946	C	T	487	0.331				
11946	C	A	487	0.002				
11946	C	G	487	0.002				
11946	C	T	487	0.331				
11946	C	A	487	0.002				
11946	C	G	487	0.002				
11946	C	T	487	0.331				
11946	C	A	487	0.002				
11946	C	G	487	0.002				
11964	A	G	435	0.115	A	G	321	0.13
11966	G	T	433	0.118	G	T	325	0.132
12279	C	T	492	0.339	C	T	247	0.062
12343	G	A	494	0.206	G	A	218	0.126
12343	G	T	494	0.002				
12612	G	A	499	0.19	G	A	317	0.137
12612	G	T	499	0.002				
12714	T	C	494	0.217	T	C	312	0.094
12714	T	A	494	0.002				
12714	T	G	494	0.002				
12777	A	T	523	0.214				
12777	A	G	523	0.092				
12777	A	T	523	0.214				
12777	A	G	523	0.092				
12887	G	A	519	0.162				
12887	G	A	519	0.162				
12939	G	A	521	0.2	G	A	298	0.149
12939	G	T	521	0.113				
13073	T	C	538	0.212	T	C	385	0.224
13073	T	G	538	0.002				
13121	A	G	536	0.187				
13121	A	C	536	0.002				
13235	A	G	492	0.234				
13381	T	C	428	0.236	T	C	182	0.381
13385	C	G	437	0.133	C	G	155	0.179
13385	C	A	437	0.002				
13443	C	T	474	0.209	C	T	288	0.328
13443	C	A	474	0.002				
13476	C	G	493	0.284				
13476	C	T	493	0.103				
13577	T	C	513	0.222	T	C	316	0.181
13577	T	G	513	0.002				
13926	T	C	521	0.378	T	C	355	0.218
13926	T	A	521	0.002				
14004	T	C	534	0.298	T	C	127	0.907
14004	T	G	534	0.002				
14032	G	T	501	0.186	G	T	104	0.577
14032	G	C	501	0.004				
14044	T	G	505	0.23				
14044	T	A	505	0.002				
14122	A	C	518	0.199	A	C	164	0.077
14122	A	G	518	0.002				
14500	C	T	502	0.301	C	T	278	0.31
14618	T	C	482	0.216	T	C	303	0.174
14692	C	G	529	0.212	C	G	299	0.466
14692	C	A	529	0.004				
14692	C	T	529	0.004				
14746	A	G	523	0.279	A	G	430	0.19
15013	T	C	447	0.183	T	C	309	0.251
15013	T	G	447	0.002				
15024	C	T	447	0.181	C	T	307	0.255
15136	A	G	455	0.211				
15136	A	C	455	0.002				
15136	A	T	455	0.002				
15379	T	C	485	0.293	T	C	337	0.197
15379	T	G	485	0.004				
15379	T	A	485	0.002				
15567	A	G	528	0.172	A	G	337	0.119
15724	A	G	501	0.194	A	G	277	0.161
15724	A	C	501	0.002				
15724	A	G	501	0.194				
15724	A	C	501	0.002				
16140	G	A	490	0.198	G	A	387	0.136
16140	G	C	490	0.006				
16140	G	T	490	0.002				
16361	G	A	497	0.217				
16361	G	C	497	0.004				
16361	G	T	497	0.002				
16361	G	A	497	0.217				
16361	G	C	497	0.004				
16361	G	T	497	0.002				
16364	G	A	499	0.206	G	A	158	0.185
16364	G	C	499	0.002				
16364	G	T	499	0.002				
16461	C	T	490	0.204				
16461	C	A	490	0.002				
16677	C	T	521	0.223	C	T	263	0.137
16692	C	A	513	0.193	C	A	282	0.221
16692	C	G	513	0.123				
16692	C	T	513	0.092				
16692	C	A	513	0.193				
16692	C	G	513	0.123	C	G	282	0.169
16692	C	T	513	0.092				
16808	T	G	490	0.192	T	G	347	0.19
16808	T	A	490	0.004				
16816	T	A	439	0.107	T	A	284	0.031
16816	T	G	439	0.007				
16939	T	C	488	0.172	T	C	221	0.08
16939	T	A	488	0.002				
17005	C	T	461	0.323				
17005	C	A	461	0.004				
17052	T	C	489	0.194				
17063	T	C	472	0.214	T	C	139	0.147
17063	T	G	472	0.004				
17067	C	T	483	0.182				
17082	C	T	491	0.204	C	T	157	0.193
17082	C	G	491	0.004				
17235	A	G	489	0.168	A	G	346	0.101
17270	A	G	498	0.179				
17270	A	T	498	0.1				
17270	A	G	498	0.179				
17270	A	T	498	0.1				
17306	A	G	483	0.19	A	G	329	0.168
17338	A	G	489	0.213	A	G	297	0.066
17438	T	C	498	0.291	T	C	303	0.253
17438	T	G	498	0.096				
17550	G	C	435	0.124	G	C	228	0.154
17550	G	A	435	0.117				
17550	G	C	435	0.124				
17550	G	A	435	0.117	G	A	228	0.212
17645	C	G	438	0.208	C	G	360	0.125
17645	C	A	438	0.002				
18087	A	G	536	0.201	A	G	294	0.173
18087	A	C	536	0.004				
18116	G	A	507	0.304	G	A	352	0.369
18168	T	C	500	0.206				
18192	C	T	513	0.191	C	T	156	0.05
18192	C	G	513	0.002				
18215	A	G	526	0.188	A	G	132	0.215
18215	A	C	526	0.087				
18275	A	G	549	0.169	A	G	114	0.279
18275	A	C	549	0.002				
18286	C	T	549	0.175	C	T	119	0.528
18286	C	G	549	0.002				
18300	T	C	560	0.236				
19006	T	C	105	0.21	T	C	74	0.185
19006	T	G	105	0.01				
19020	T	C	78	0.179	T	C	59	0.115
19061	A	C	17	0.176	A	C	15	0.234
19061	A	G	17	0.118				
19066	T	A	8	0.125				
19068	T	C	5	0.2				
