POS	Ground Truth REF	Ground Truth ALT	Ground Truth DP	Ground Truth AF	VarScan REF	VarScan ALT	VarScan DP	VarScan AF
1309	G	A	453	0.137	G	A	442	0.127
1309	G	C	453	0.002				
1800	C	A	463	0.197	C	A	451	0.186
1800	C	T	463	0.002				
2036	A	G	424	0.104	A	G	410	0.102
2036	A	C	424	0.005				
3092	T	A	495	0.188	T	A	483	0.188
3124	A	C	480	0.2	A	C	470	0.194
3124	A	G	480	0.002				
3132	A	G	486	0.302	A	G	470	0.294
3132	A	C	486	0.002				
3515	A	G	479	0.171	A	G	467	0.164
3515	A	C	479	0.004				
3591	A	G	515	0.186	A	G	492	0.183
3591	A	C	515	0.004				
3591	A	T	515	0.002				
3609	T	C	522	0.203	T	C	506	0.194
3609	T	G	522	0.002				
3918	C	A	489	0.196	C	A	482	0.189
4311	C	T	495	0.184	C	T	476	0.179
4717	G	A	517	0.205	G	A	505	0.202
5218	A	G	485	0.445	A	G	463	0.438
5218	A	T	485	0.004				
5218	A	C	485	0.002				
5353	T	C	450	0.184	T	C	436	0.174
5589	T	C	474	0.165	T	C	458	0.146
5589	T	A	474	0.002				
5609	T	C	469	0.243	T	C	459	0.237
5844	G	A	505	0.297	G	A	489	0.289
5844	G	T	505	0.004				
5844	G	C	505	0.002				
6425	C	T	478	0.092	C	T	463	0.089
6425	C	A	478	0.002				
6425	C	G	478	0.002				
6553	C	T	489	0.235	C	T	422	0.233
6553	C	G	489	0.119				
6596	G	A	563	0.174	G	A	434	0.172
6596	G	T	563	0.115				
6596	G	C	563	0.098				
8188	A	T	487	0.189	A	T	466	0.187
8410	A	G	498	0.211	A	G	486	0.204
9024	G	A	525	0.198	G	A	475	0.124
9024	G	C	525	0.002				
9040	A	G	378	0.222	A	G	370	0.214
9137	G	A	525	0.343	G	A	513	0.331
9137	G	T	525	0.002				
10317	T	C	482	0.237	T	C	468	0.231
10317	T	G	482	0.002				
10604	G	A	508	0.303	G	A	492	0.299
11728	A	G	499	0.196	A	G	490	0.188
11964	A	G	435	0.115	A	G	419	0.093
11966	G	T	433	0.118	G	T	416	0.094
12343	G	A	494	0.206	G	A	482	0.197
12343	G	T	494	0.002				
13121	A	G	536	0.187	A	G	492	0.159
13121	A	C	536	0.002				
14044	T	G	505	0.23	T	G	488	0.211
14044	T	A	505	0.002				
17005	C	T	461	0.323	C	T	449	0.313
17005	C	A	461	0.004				
17550	G	C	435	0.124	G	C	332	0.132
17550	G	A	435	0.117				
18286	C	T	549	0.175	C	T	533	0.171
18286	C	G	549	0.002				
19020	T	C	78	0.179	T	C	75	0.173
19068	T	C	5	0.2				
