POS	Ground Truth REF	Ground Truth ALT	Ground Truth DP	Ground Truth AF	Freebayes REF	Freebayes ALT	Freebayes DP	Freebayes AO	Freebayes AF
372	G	A	486	0.171					
815	A	G	513	0.203	A	G	513	104	0.203
815	A	C	513	0.002					
954	C	T	521	0.313	C	T	521	163	0.313
954	C	G	521	0.002					
1139	A	G	537	0.177					
1309	G	A	453	0.137					
1309	G	C	453	0.002					
1365	T	C	509	0.177					
1365	T	G	509	0.002					
1489	C	T	504	0.22	C	T	504	111	0.22
1489	C	G	504	0.004					
1489	C	A	504	0.002					
1518	T	C	495	0.19					
1518	T	G	495	0.002					
1591	C	T	471	0.151					
1591	C	A	471	0.002					
1730	A	G	457	0.206					
1736	A	G	457	0.234	A	G	457	107	0.234
1736	A	T	457	0.002					
1800	C	A	463	0.197					
1800	C	T	463	0.002					
1889	T	C	463	0.251	T	C	463	116	0.251
1889	T	A	463	0.099					
1889	T	G	463	0.002					
2010	T	C	467	0.208	T	C	467	97	0.208
2010	T	G	467	0.004					
2010	T	A	467	0.002					
2036	A	G	424	0.104					
2036	A	C	424	0.005					
2292	C	G	494	0.215	C	G	494	106	0.215
2292	C	A	494	0.004					
2292	C	T	494	0.002					
2788	T	A	449	0.076					
2788	T	C	449	0.002					
3053	A	G	498	0.203					
3092	T	A	495	0.188					
3124	A	C	480	0.2					
3124	A	G	480	0.002					
3132	A	G	486	0.302	A	G	486	147	0.302
3132	A	C	486	0.002					
3186	T	C	494	0.219					
3186	T	G	494	0.002					
3311	C	T	413	0.107					
3311	C	G	413	0.002					
3318	G	A	481	0.189					
3318	G	T	481	0.002					
3515	A	G	479	0.171					
3515	A	C	479	0.004					
3571	G	T	450	0.204	G	T	449	92	0.205
3591	A	G	515	0.186					
3591	A	C	515	0.004					
3591	A	T	515	0.002					
3609	T	C	522	0.203					
3609	T	G	522	0.002					
3623	C	G	510	0.212	C	G	510	108	0.212
3623	C	A	510	0.004					
3647	G	A	530	0.209	G	A	530	111	0.209
3647	G	C	530	0.002					
3918	C	A	489	0.196					
4311	C	T	495	0.184					
4708	A	G	514	0.218					
4717	G	A	517	0.205	G	A	517	106	0.205
5207	C	T	474	0.287	C	T	474	136	0.287
5207	C	A	474	0.002					
5218	A	G	485	0.445	A	G	485	216	0.445
5218	A	T	485	0.004					
5218	A	C	485	0.002					
5225	C	T	501	0.174					
5225	C	A	501	0.004					
5225	C	G	501	0.002					
5353	T	C	450	0.184					
5589	T	C	474	0.165					
5589	T	A	474	0.002					
5609	T	C	469	0.243	T	C	469	114	0.243
5655	A	G	464	0.287					
5655	A	C	464	0.002					
5763	C	T	482	0.4	C	T	482	193	0.4
5763	C	A	482	0.002					
5844	G	A	505	0.297	G	A	505	150	0.297
5844	G	T	505	0.004					
5844	G	C	505	0.002					
5865	A	T	506	0.291	A	T	506	147	0.291
5865	A	G	506	0.004					
6314	A	G	495	0.194					
6314	A	C	495	0.002					
6425	C	T	478	0.092					
6425	C	A	478	0.002					
6425	C	G	478	0.002					
6456	C	T	515	0.198					
6456	C	A	515	0.004					
6553	C	T	489	0.235	C	T	489	115	0.235
6553	C	G	489	0.119					
6596	G	A	563	0.174					
6596	G	T	563	0.115					
6596	G	C	563	0.098					
6601	G	A	569	0.213	G	A	569	121	0.213
6705	A	G	494	0.223	A	G	494	110	0.223
6705	A	C	494	0.004					
6798	G	A	535	0.409	G	A	535	219	0.409
6798	G	T	535	0.002					
7204	G	A	532	0.194					
7313	G	A	519	0.173					
7313	G	C	519	0.119					
7313	G	T	519	0.002					
7701	A	G	487	0.308	A	G	487	150	0.308
7800	T	C	483	0.222					
7947	T	C	520	0.196					
7947	T	G	520	0.002					
8095	C	T	461	0.193					
8095	C	A	461	0.002					
8097	G	C	463	0.21	G	C	463	97	0.21
8188	A	T	487	0.189					
8221	C	G	470	0.194					
8221	C	T	470	0.123					
8221	C	A	470	0.002					
8266	G	A	499	0.2					
8351	C	T	407	0.14					
8410	A	G	498	0.211	A	G	498	105	0.211
8506	C	T	454	0.236	C	T	454	107	0.236
8699	A	G	502	0.175					
8699	A	C	502	0.002					
8751	C	T	512	0.207	C	T	512	106	0.207
8751	C	A	512	0.004					
8819	T	C	524	0.162					
8819	T	G	524	0.002					
8844	C	T	503	0.169					
8987	G	A	535	0.335	G	A	535	179	0.335
9024	G	A	525	0.198					
9024	G	C	525	0.002					
9040	A	G	378	0.222					
9089	A	G	469	0.205	A	G	469	96	0.205
9137	G	A	525	0.343	G	A	525	180	0.343
9137	G	T	525	0.002					
9253	C	T	505	0.202	C	T	505	102	0.202
9253	C	A	505	0.004					
9301	C	T	511	0.196					
9301	C	G	511	0.002					
9398	G	A	472	0.288	G	A	472	136	0.288
9398	G	C	472	0.112					
9402	A	G	483	0.232	A	G	483	112	0.232
9508	A	T	496	0.171					
9573	G	T	495	0.196					
9573	G	A	495	0.002					
9710	T	C	535	0.279	T	C	535	149	0.279
9710	T	G	535	0.002					
9800	A	T	497	0.199					
10005	T	G	508	0.24	T	G	508	122	0.24
10005	T	C	508	0.087					
10074	A	G	516	0.184					
10074	A	C	516	0.002					
10121	C	T	456	0.189					
10121	C	G	456	0.002					
10171	G	A	446	0.17					
10239	G	A	502	0.183					
10239	G	T	502	0.116					
10239	G	C	502	0.002					
10241	G	A	503	0.237	G	A	503	119	0.237
10241	G	T	503	0.006					
10317	T	C	482	0.237	T	C	481	113	0.235
10317	T	G	482	0.002					
10331	C	T	483	0.217	C	T	483	105	0.217
10344	C	T	412	0.107					
10344	C	G	412	0.002					
10378	A	C	461	0.206	A	C	461	95	0.206
10378	A	T	461	0.115					
10551	A	G	467	0.246					
10551	A	C	467	0.002					
10598	T	C	517	0.296	T	C	517	153	0.296
10598	T	A	517	0.002					
10604	G	A	508	0.303	G	A	508	154	0.303
10646	G	A	511	0.204	G	A	511	104	0.204
10720	C	A	514	0.243	C	A	514	125	0.243
10720	C	G	514	0.002					
10815	G	A	504	0.194					
10815	G	T	504	0.002					
10877	G	A	480	0.321	G	A	436	154	0.353
10906	G	T	466	0.221					
10920	G	A	410	0.088					
11037	G	T	488	0.205	G	T	488	100	0.205
11037	G	A	488	0.096					
11230	A	T	420	0.133					
11230	A	G	420	0.124					
11324	C	T	474	0.192					
11324	C	G	474	0.004					
11340	C	T	460	0.224	C	T	460	103	0.224
11340	C	A	460	0.002					
11340	C	G	460	0.002					
11381	T	C	456	0.268	T	C	456	122	0.268
11381	T	A	456	0.002					
11424	A	G	496	0.202	A	G	496	100	0.202
11424	A	T	496	0.085					
11574	T	C	464	0.325	T	C	464	151	0.325
11574	T	G	464	0.002					
11596	C	T	482	0.309	C	T	482	149	0.309
11596	C	G	482	0.087					
11596	C	A	482	0.004					
11728	A	G	499	0.196					
11772	A	G	489	0.207	A	G	489	101	0.207
11772	A	C	489	0.002					
11808	T	C	475	0.293	T	C	434	139	0.32
11808	T	A	475	0.002					
11848	C	T	472	0.22	C	T	472	104	0.22
11946	C	T	487	0.331	C	T	445	161	0.362
11946	C	A	487	0.002					
11946	C	G	487	0.002					
11964	A	G	435	0.115					
11966	G	T	433	0.118					
12279	C	T	492	0.339	C	T	492	167	0.339
12343	G	A	494	0.206					
12343	G	T	494	0.002					
12612	G	A	499	0.19					
12612	G	T	499	0.002					
12714	T	C	494	0.217	T	C	494	107	0.217
12714	T	A	494	0.002					
12714	T	G	494	0.002					
12777	A	T	523	0.214	A	T	523	112	0.214
12777	A	G	523	0.092					
12887	G	A	519	0.162					
12939	G	A	521	0.2					
12939	G	T	521	0.113					
13073	T	C	538	0.212					
13073	T	G	538	0.002					
13121	A	G	536	0.187					
13121	A	C	536	0.002					
13235	A	G	492	0.234	A	G	492	115	0.234
13381	T	C	428	0.236	T	C	486	101	0.208
13385	C	G	437	0.133					
13385	C	A	437	0.002					
13443	C	T	474	0.209	C	T	474	99	0.209
13443	C	A	474	0.002					
13476	C	G	493	0.284	C	G	493	140	0.284
13476	C	T	493	0.103					
13577	T	C	513	0.222	T	C	513	114	0.222
13577	T	G	513	0.002					
13926	T	C	521	0.378	T	C	521	197	0.378
13926	T	A	521	0.002					
14004	T	C	534	0.298	T	C	534	159	0.298
14004	T	G	534	0.002					
14032	G	T	501	0.186					
14032	G	C	501	0.004					
14044	T	G	505	0.23	T	G	505	116	0.23
14044	T	A	505	0.002					
14122	A	C	518	0.199					
14122	A	G	518	0.002					
14500	C	T	502	0.301	C	T	499	148	0.297
14618	T	C	482	0.216	T	C	482	104	0.216
14692	C	G	529	0.212	C	G	529	112	0.212
14692	C	A	529	0.004					
14692	C	T	529	0.004					
14746	A	G	523	0.279	A	G	523	146	0.279
15013	T	C	447	0.183					
15013	T	G	447	0.002					
15024	C	T	447	0.181					
15136	A	G	455	0.211	A	G	455	96	0.211
15136	A	C	455	0.002					
15136	A	T	455	0.002					
15379	T	C	485	0.293	T	C	485	142	0.293
15379	T	G	485	0.004					
15379	T	A	485	0.002					
15567	A	G	528	0.172					
15724	A	G	501	0.194					
15724	A	C	501	0.002					
16140	G	A	490	0.198					
16140	G	C	490	0.006					
16140	G	T	490	0.002					
16361	G	A	497	0.217	G	A	497	108	0.217
16361	G	C	497	0.004					
16361	G	T	497	0.002					
16364	G	A	499	0.206	G	A	499	103	0.206
16364	G	C	499	0.002					
16364	G	T	499	0.002					
16461	C	T	490	0.204	C	T	490	100	0.204
16461	C	A	490	0.002					
16677	C	T	521	0.223	C	T	521	116	0.223
16692	C	A	513	0.193					
16692	C	G	513	0.123					
16692	C	T	513	0.092					
16808	T	G	490	0.192					
16808	T	A	490	0.004					
16816	T	A	439	0.107					
16816	T	G	439	0.007					
16939	T	C	488	0.172					
16939	T	A	488	0.002					
17005	C	T	461	0.323	C	T	461	149	0.323
17005	C	A	461	0.004					
17052	T	C	489	0.194					
17063	T	C	472	0.214	T	C	472	101	0.214
17063	T	G	472	0.004					
17067	C	T	483	0.182					
17082	C	T	491	0.204	C	T	491	100	0.204
17082	C	G	491	0.004					
17235	A	G	489	0.168					
17270	A	G	498	0.179					
17270	A	T	498	0.1					
17306	A	G	483	0.19					
17338	A	G	489	0.213	A	G	443	104	0.235
17438	T	C	498	0.291	T	C	498	145	0.291
17438	T	G	498	0.096					
17550	G	C	435	0.124					
17550	G	A	435	0.117					
17645	C	G	438	0.208	C	G	438	91	0.208
17645	C	A	438	0.002					
18087	A	G	536	0.201	A	G	536	108	0.201
18087	A	C	536	0.004					
18116	G	A	507	0.304	G	A	507	154	0.304
18168	T	C	500	0.206	T	C	500	103	0.206
18192	C	T	513	0.191					
18192	C	G	513	0.002					
18215	A	G	526	0.188					
18215	A	C	526	0.087					
18275	A	G	549	0.169					
18275	A	C	549	0.002					
18286	C	T	549	0.175					
18286	C	G	549	0.002					
18300	T	C	560	0.236	T	C	560	132	0.236
19006	T	C	105	0.21	T	C	105	22	0.21
19006	T	G	105	0.01					
19020	T	C	78	0.179					
19061	A	C	17	0.176					
19061	A	G	17	0.118					
19066	T	A	8	0.125					
19068	T	C	5	0.2					
