POS	Ground Truth REF	Ground Truth ALT	Ground Truth DP	Ground Truth AF	VarDict REF	VarDict ALT	VarDict DP	VarDict AF
322	G	A	919	0.058	G	A	961	0.0552
322	G	C	919	0.001				
359	T	A	996	0.091	T	A	993	0.0514
359	T	G	996	0.002				
452	C	T	1041	0.114	C	T	1035	0.114
452	C	A	1041	0.003				
452	C	G	1041	0.001				
452	C	T	1041	0.114				
452	C	A	1041	0.003				
452	C	G	1041	0.001				
599	A	G	1056	0.092	A	G	1041	0.0903
599	A	C	1056	0.002				
599	A	T	1056	0.002				
745	G	C	1021	0.093	G	C	1011	0.091
745	G	T	1021	0.002				
875	A	G	1005	0.104	A	G	1002	0.1048
875	A	T	1005	0.001				
931	A	G	960	0.162	A	G	960	0.1021
931	A	T	960	0.055				
931	A	C	960	0.001				
931	A	G	960	0.162				
931	A	T	960	0.055				
931	A	C	960	0.001				
985	C	T	992	0.211	C	T	991	0.2089
985	C	A	992	0.001				
990	G	C	989	0.098	G	C	988	0.0972
990	G	A	989	0.001				
990	G	T	989	0.001				
1001	G	A	978	0.165	G	A	979	0.095
1001	G	C	978	0.065				
1001	G	T	978	0.001				
1001	G	A	978	0.165				
1001	G	C	978	0.065				
1001	G	T	978	0.001				
1007	A	G	969	0.084	A	G	966	0.0839
1007	A	C	969	0.001				
1007	A	T	969	0.001				
1013	A	G	962	0.094	A	G	959	0.048
1013	A	C	962	0.002				
1013	A	T	962	0.001				
1013	A	G	962	0.094				
1013	A	C	962	0.002				
1013	A	T	962	0.001				
1082	T	A	943	0.08	T	A	938	0.0778
1082	T	C	943	0.052				
1082	T	G	943	0.001				
1082	T	A	943	0.08				
1082	T	C	943	0.052	T	C	938	0.0501
1082	T	G	943	0.001				
1102	A	G	953	0.192	A	G	950	0.1495
1102	A	T	953	0.002				
1206	T	C	957	0.101	T	C	952	0.1008
1206	T	G	957	0.003				
1206	T	C	957	0.101				
1206	T	G	957	0.003	T	G	952	0.0032
1208	A	G	956	0.105	A	G	954	0.1038
1208	A	C	956	0.003				
1208	A	T	956	0.001				
1266	T	C	997	0.144	T	C	995	0.1005
1266	T	A	997	0.059				
1266	T	C	997	0.144				
1266	T	A	997	0.059	T	A	995	0.0573
1266	T	C	997	0.144				
1266	T	A	997	0.059				
1324	G	C	1028	0.107				
1324	G	A	1028	0.066	G	A	1019	0.0648
1324	G	T	1028	0.002				
1324	G	C	1028	0.107	G	C	1019	0.0638
1324	G	A	1028	0.066				
1324	G	T	1028	0.002				
1333	C	T	1039	0.144	C	T	1032	0.1444
1333	C	G	1039	0.001				
1368	G	A	1013	0.157	G	A	1011	0.1048
1368	G	A	1013	0.157				
1368	G	A	1013	0.157				
1402	C	T	1018	0.093	C	T	1015	0.0473
1402	C	A	1018	0.003				
1402	C	T	1018	0.093				
1402	C	A	1018	0.003				
1402	C	T	1018	0.093				
1402	C	A	1018	0.003	C	A	1015	0.003
1419	C	T	1031	0.148	C	T	1030	0.1068
1419	C	A	1031	0.054				
1419	C	G	1031	0.002				
1419	C	T	1031	0.148				
1419	C	A	1031	0.054				
1419	C	G	1031	0.002				
1442	G	A	1009	0.158	G	A	999	0.1552
1442	G	C	1009	0.051				
1442	G	T	1009	0.041				
1442	G	A	1009	0.158				
1442	G	C	1009	0.051	G	C	999	0.0511
1442	G	T	1009	0.041				
1442	G	A	1009	0.158				
1442	G	C	1009	0.051				
1442	G	T	1009	0.041	G	T	999	0.038
1478	C	T	945	0.059	C	T	974	0.0565
1478	C	A	945	0.001				
1478	C	G	945	0.001				
1595	A	G	969	0.108	A	G	965	0.1057
1595	A	T	969	0.05				
1595	A	C	969	0.002				
1595	A	G	969	0.108				
1595	A	T	969	0.05	A	T	965	0.0487
1595	A	C	969	0.002				
1865	C	T	1044	0.11	C	T	1041	0.1105
1865	C	A	1044	0.003				
1898	T	G	1027	0.099				
1898	T	C	1027	0.055	T	C	1018	0.055
1898	T	A	1027	0.001				
1898	T	G	1027	0.099	T	G	1018	0.0501
1898	T	C	1027	0.055				
1898	T	A	1027	0.001				
1964	C	T	1001	0.196	C	T	1000	0.196
2023	A	G	1005	0.161	A	G	999	0.1602
2023	A	C	1005	0.002				
2023	A	T	1005	0.001				
2053	T	C	999	0.103	T	C	993	0.0594
2053	T	G	999	0.04				
2053	T	A	999	0.002				
2053	T	C	999	0.103				
2053	T	G	999	0.04				
2053	T	A	999	0.002				
2209	A	G	1004	0.09	A	G	1002	0.0898
2209	A	C	1004	0.002				
2263	T	A	993	0.1	T	A	981	0.0958
2263	T	C	993	0.07				
2263	T	G	993	0.06				
2263	T	A	993	0.1				
2263	T	C	993	0.07				
2263	T	G	993	0.06	T	G	981	0.0561
2263	T	A	993	0.1				
2263	T	C	993	0.07	T	C	981	0.0398
2263	T	G	993	0.06				
2263	T	A	993	0.1				
2263	T	C	993	0.07				
2263	T	G	993	0.06				
2299	G	A	1004	0.152	G	A	1003	0.1525
2299	G	C	1004	0.001				
2299	G	T	1004	0.001				
2323	G	A	1016	0.094	G	A	1009	0.0486
2323	G	T	1016	0.002				
2400	T	C	1019	0.089	T	C	1019	0.0893
2400	T	A	1019	0.001				
2400	T	G	1019	0.001				
2493	T	C	1020	0.126	T	C	1018	0.0855
2493	T	G	1020	0.043				
2493	T	C	1020	0.126				
2493	T	G	1020	0.043				
2493	T	C	1020	0.126				
2493	T	G	1020	0.043	T	G	1018	0.0422
2605	C	G	1024	0.106	C	G	1028	0.0652
2605	C	T	1024	0.055				
2605	C	A	1024	0.003				
2605	C	G	1024	0.106				
2605	C	T	1024	0.055	C	T	1028	0.0535
2605	C	A	1024	0.003				
2605	C	G	1024	0.106				
2605	C	T	1024	0.055				
2605	C	A	1024	0.003				
2699	G	A	944	0.216	G	A	942	0.1146
2699	G	C	944	0.001				
2699	G	A	944	0.216				
2699	G	C	944	0.001				
2759	T	C	962	0.105	T	C	959	0.1053
2759	T	A	962	0.001				
2850	A	G	997	0.262	A	G	993	0.2588
2850	A	C	997	0.002				
2850	A	T	997	0.002				
2859	A	G	1007	0.164	A	G	1006	0.163
2859	A	C	1007	0.001				
2977	C	T	1050	0.091	C	T	1049	0.0915
2977	C	A	1050	0.004				
2977	C	G	1050	0.001				
3149	T	C	1062	0.095	T	C	1056	0.0956
3149	T	A	1062	0.04				
3149	T	G	1062	0.004				
3149	T	C	1062	0.095				
3149	T	A	1062	0.04	T	A	1056	0.0407
3149	T	G	1062	0.004				
3150	A	T	1063	0.124	A	T	1054	0.1224
3150	A	G	1063	0.046				
3150	A	C	1063	0.004				
3150	A	T	1063	0.124				
3150	A	G	1063	0.046	A	G	1054	0.0436
3150	A	C	1063	0.004				
3210	T	C	1016	0.2	T	C	1016	0.0994
3210	T	G	1016	0.001				
3210	T	C	1016	0.2				
3210	T	G	1016	0.001				
3211	T	A	1023	0.142	T	A	1008	0.1369
3211	T	G	1023	0.041				
3211	T	C	1023	0.001				
3211	T	A	1023	0.142				
3211	T	G	1023	0.041	T	G	1008	0.0387
3211	T	C	1023	0.001				
3273	C	T	1010	0.138	C	T	1008	0.1359
3273	C	G	1010	0.002				
3273	C	A	1010	0.001				
3279	T	C	1007	0.174	T	C	1002	0.1737
3279	T	G	1007	0.001				
3286	A	G	996	0.098				
3286	A	C	996	0.003	A	C	994	0.003
3286	A	T	996	0.001				
3392	C	T	1000	0.104	C	T	988	0.1043
3392	C	G	1000	0.092				
3392	C	A	1000	0.005				
3392	C	T	1000	0.104				
3392	C	G	1000	0.092	C	G	988	0.0455
3392	C	A	1000	0.005				
3418	T	C	986	0.106	T	C	980	0.1071
3418	T	G	986	0.005				
3424	A	G	1001	0.113	A	G	997	0.0582
3527	G	A	991	0.096	G	A	989	0.095
3527	G	C	991	0.002				
3527	G	T	991	0.001				
3614	G	A	948	0.114	G	A	945	0.1143
3614	G	T	948	0.001				
3840	A	G	979	0.093	A	G	973	0.0935
3840	A	C	979	0.051				
3840	A	G	979	0.093				
3840	A	C	979	0.051	A	C	973	0.0514
3845	A	G	983	0.157	A	G	981	0.156
3845	A	C	983	0.001				
3845	A	T	983	0.001				
3870	A	G	1026	0.104	A	G	1021	0.1048
3870	A	T	1026	0.001				
3936	A	G	1023	0.149	A	G	1019	0.1492
3936	A	C	1023	0.001				
4000	A	G	1028	0.154	A	G	1039	0.0741
4000	A	C	1028	0.002				
4000	A	G	1028	0.154				
4000	A	C	1028	0.002				
4000	A	G	1028	0.154				
4000	A	C	1028	0.002				
4061	C	T	1009	0.189	C	T	1005	0.1871
4248	C	G	962	0.091	C	G	959	0.0907
4248	C	A	962	0.002				
4248	C	T	962	0.001				
4298	G	A	933	0.106	G	A	969	0.0949
4298	G	C	933	0.049				
4298	G	T	933	0.001				
4298	G	A	933	0.106				
4298	G	C	933	0.049	G	C	969	0.0423
4298	G	T	933	0.001				
4301	T	G	931	0.041	T	G	979	0.0368
4301	T	A	931	0.004				
4301	T	C	931	0.002				
4349	C	A	975	0.191				
4349	C	T	975	0.153	C	T	965	0.1503
4349	C	G	975	0.002				
4349	C	A	975	0.191	C	A	965	0.1347
4349	C	T	975	0.153				
4349	C	G	975	0.002				
4377	A	G	1006	0.105	A	G	1005	0.1055
4377	A	C	1006	0.001				
4377	A	T	1006	0.001				
4382	C	T	1008	0.094	C	T	1003	0.0499
4382	C	A	1008	0.003				
4382	C	G	1008	0.001				
4459	A	G	1036	0.181	A	G	1039	0.1232
4459	A	C	1036	0.002				
4459	A	G	1036	0.181				
4459	A	C	1036	0.002				
4498	G	A	1050	0.15	G	A	1046	0.1472
4498	G	T	1050	0.001				
4534	G	A	1044	0.101	G	A	1043	0.0623
4534	G	T	1044	0.002				
4534	G	A	1044	0.101				
4534	G	T	1044	0.002				
4630	A	G	1052	0.095	A	G	1049	0.0953
4630	A	C	1052	0.004				
4648	T	C	1049	0.166	T	C	1046	0.1654
4648	T	G	1049	0.002				
4648	T	A	1049	0.001				
4747	G	A	1012	0.131	G	A	1009	0.0852
4747	G	A	1012	0.131				
4828	G	A	954	0.166	G	A	952	0.166
4828	G	C	954	0.001				
4857	C	A	971	0.109	C	A	969	0.066
4857	C	T	971	0.001				
4857	C	A	971	0.109				
4857	C	T	971	0.001				
4871	A	C	986	0.104				
4871	A	G	986	0.002				
4966	G	A	939	0.114	G	A	935	0.1134
4966	G	T	939	0.001				
4988	G	A	924	0.193	G	A	927	0.1478
4988	G	T	924	0.001				
4988	G	A	924	0.193				
4988	G	T	924	0.001				
4999	C	A	911	0.116	C	A	908	0.1167
4999	C	T	911	0.041				
4999	C	G	911	0.002				
4999	C	A	911	0.116				
4999	C	T	911	0.041	C	T	908	0.0407
4999	C	G	911	0.002				
5037	C	G	927	0.087				
5037	C	A	927	0.001				
5037	C	T	927	0.001				
5037	C	G	927	0.087	C	G	915	0.0372
5037	C	A	927	0.001				
5037	C	T	927	0.001				
5073	C	T	928	0.092	C	T	927	0.0507
5073	C	G	928	0.001				
5087	A	C	932	0.089	A	C	932	0.0504
5087	A	C	932	0.089				
5109	G	A	946	0.156				
5109	G	C	946	0.002				
5109	G	T	946	0.001				
5109	G	A	946	0.156	G	A	945	0.055
5109	G	C	946	0.002				
5109	G	T	946	0.001				
5157	A	G	960	0.092	A	G	956	0.0921
5157	A	C	960	0.001				
5157	A	T	960	0.001				
5271	A	G	998	0.103				
5271	A	T	998	0.002				
5299	C	T	1018	0.154	C	T	1016	0.1024
5299	C	A	1018	0.002				
5299	C	G	1018	0.001				
5455	A	G	1018	0.166	A	G	1057	0.1079
5455	A	C	1018	0.001				
5455	A	G	1018	0.166				
5455	A	C	1018	0.001				
5531	C	T	1022	0.112				
5531	C	G	1022	0.002				
5531	C	A	1022	0.001				
5531	C	T	1022	0.112				
5531	C	G	1022	0.002				
5531	C	A	1022	0.001				
5555	C	T	1028	0.089	C	T	1022	0.0871
5555	C	A	1028	0.048				
5555	C	G	1028	0.001				
5555	C	T	1028	0.089				
5555	C	A	1028	0.048				
5555	C	G	1028	0.001				
5555	C	T	1028	0.089				
5555	C	A	1028	0.048	C	A	1022	0.046
5555	C	G	1028	0.001				
5556	A	G	1029	0.104	A	G	1029	0.103
5556	A	C	1029	0.003				
5556	A	T	1029	0.001				
5611	C	T	989	0.11	C	T	992	0.1058
5611	C	G	989	0.102				
5611	C	A	989	0.002				
5611	C	T	989	0.11				
5611	C	G	989	0.102	C	G	992	0.0554
5611	C	A	989	0.002				
5611	C	T	989	0.11				
5611	C	G	989	0.102				
5611	C	A	989	0.002				
5699	A	G	976	0.157				
5699	A	T	976	0.055				
5699	A	C	976	0.001				
5699	A	G	976	0.157				
5699	A	T	976	0.055	A	T	978	0.0532
5699	A	C	976	0.001				
5699	A	G	976	0.157				
5699	A	T	976	0.055				
5699	A	C	976	0.001				
5747	C	T	905	0.112	C	T	959	0.1032
5747	C	A	905	0.043				
5747	C	G	905	0.001				
5772	T	A	966	0.14	T	A	963	0.1402
5772	T	G	966	0.003				
5772	T	C	966	0.001				
5886	T	A	965	0.091	T	A	964	0.0913
5886	T	G	965	0.002				
5886	T	C	965	0.001				
6018	A	G	912	0.103	A	G	908	0.1035
6018	A	C	912	0.001				
6018	A	T	912	0.001				
6048	G	A	927	0.155				
6048	G	T	927	0.047				
6048	G	C	927	0.003				
6048	G	A	927	0.155	G	A	931	0.0537
6048	G	T	927	0.047				
6048	G	C	927	0.003				
6048	G	A	927	0.155				
6048	G	T	927	0.047				
6048	G	C	927	0.003				
6049	A	G	925	0.111	A	G	924	0.0552
6049	A	C	925	0.001				
6054	G	A	927	0.077	G	A	916	0.0721
6054	G	C	927	0.06				
6054	G	T	927	0.057				
6054	G	A	927	0.077				
6054	G	C	927	0.06				
6054	G	T	927	0.057	G	T	916	0.0568
6146	A	G	904	0.201	A	G	904	0.2002
6146	A	C	904	0.001				
6146	A	T	904	0.001				
6193	A	G	916	0.104	A	G	915	0.1027
6193	A	T	916	0.05				
6193	A	C	916	0.002				
6210	T	C	896	0.103	T	C	933	0.0986
6210	T	G	896	0.048				
6210	T	A	896	0.001				
6210	T	C	896	0.103				
6210	T	G	896	0.048	T	G	933	0.0439
6210	T	A	896	0.001				
6353	A	G	902	0.314	A	G	894	0.2584
6353	A	T	902	0.001				
6503	A	G	948	0.166	A	G	947	0.1647
6503	A	C	948	0.001				
6658	C	G	974	0.092	C	G	977	0.0542
6658	C	G	974	0.092				
6967	A	G	1019	0.124	A	G	1019	0.1227
6967	A	C	1019	0.001				
6996	A	G	983	0.121	A	G	987	0.0517
6996	A	T	983	0.002				
6996	A	G	983	0.121				
6996	A	T	983	0.002				
7128	A	G	1013	0.164	A	G	1011	0.1642
7128	A	C	1013	0.001				
7128	A	G	1013	0.164				
7128	A	C	1013	0.001				
7238	T	G	1029	0.1	T	G	1020	0.0951
7238	T	C	1029	0.003				
7238	T	G	1029	0.1				
7238	T	C	1029	0.003				
7311	A	G	1030	0.105	A	G	1028	0.1041
7311	A	C	1030	0.048				
7311	A	G	1030	0.105				
7311	A	C	1030	0.048	A	C	1028	0.0457
7398	G	A	986	0.098	G	A	1021	0.046
7398	G	C	986	0.001				
7398	G	T	986	0.001				
7432	C	T	1019	0.099	C	T	1012	0.0563
7432	C	A	1019	0.002				
7496	G	A	1022	0.152	G	A	1012	0.1532
7496	G	C	1022	0.004				
7598	G	A	1033	0.095	G	A	1023	0.088
7598	G	T	1033	0.001				
7641	G	A	1017	0.098				
7641	G	T	1017	0.053	G	T	1012	0.0494
7641	G	C	1017	0.05				
7641	G	A	1017	0.098	G	A	1012	0.0474
7641	G	T	1017	0.053				
7641	G	C	1017	0.05				
7641	G	A	1017	0.098				
7641	G	T	1017	0.053				
7641	G	C	1017	0.05				
7673	G	A	1042	0.094	G	A	1036	0.0927
7673	G	T	1042	0.052				
7673	G	C	1042	0.001				
7681	A	G	1039	0.093	A	G	1038	0.0934
7681	A	C	1039	0.001				
7780	G	C	995	0.087	G	C	999	0.0871
7780	G	A	995	0.046				
7780	G	T	995	0.002				
7780	G	C	995	0.087				
7780	G	A	995	0.046				
7780	G	T	995	0.002				
7783	G	A	989	0.14	G	A	994	0.0986
7783	G	C	989	0.001				
7783	G	A	989	0.14				
7783	G	C	989	0.001				
7900	C	T	966	0.153	C	T	968	0.1126
7900	C	A	966	0.001				
7900	C	G	966	0.001				
7900	C	T	966	0.153				
7900	C	A	966	0.001				
7900	C	G	966	0.001				
7926	T	C	1002	0.161	T	C	994	0.1046
7926	T	A	1002	0.003				
8003	T	C	933	0.137	T	C	982	0.0804
8003	T	A	933	0.049				
8003	T	C	933	0.137				
8003	T	A	933	0.049				
8003	T	C	933	0.137				
8003	T	A	933	0.049	T	A	982	0.0458
8057	A	C	1031	0.086				
8057	A	G	1031	0.05	A	G	1026	0.0497
8057	A	C	1031	0.086	A	C	1026	0.0468
8057	A	G	1031	0.05				
8181	A	G	1024	0.261	A	G	1021	0.2615
8181	A	C	1024	0.059				
8181	A	G	1024	0.261				
8181	A	C	1024	0.059	A	C	1021	0.0568
8201	A	G	1041	0.109	A	G	1037	0.054
8201	A	T	1041	0.002				
8201	A	C	1041	0.001				
8275	C	T	1031	0.098	C	T	1030	0.0563
8275	C	A	1031	0.005				
8275	C	G	1031	0.002				
8363	T	C	1017	0.147	T	C	1010	0.0871
8363	T	G	1017	0.004				
8363	T	A	1017	0.001				
8429	C	T	1003	0.1	C	T	997	0.0562
8429	C	A	1003	0.002				
8479	A	G	1003	0.164	A	G	1002	0.1098
8479	A	C	1003	0.001				
8523	G	A	1007	0.145	G	A	1002	0.1457
8529	A	G	1008	0.26	A	G	1007	0.1668
8529	A	C	1008	0.003				
8529	A	G	1008	0.26				
8529	A	C	1008	0.003				
8615	A	T	1026	0.105	A	T	1023	0.1036
8615	A	C	1026	0.003				
8615	A	G	1026	0.001				
8630	A	G	1029	0.148	A	G	1025	0.1473
8630	A	C	1029	0.001				
8846	A	G	1027	0.204	A	G	1031	0.2047
8846	A	T	1027	0.05				
8846	A	C	1027	0.001				
8846	A	G	1027	0.204				
8846	A	T	1027	0.05				
8846	A	C	1027	0.001				
8893	T	C	1002	0.099	T	C	1037	0.0482
8893	T	G	1002	0.001				
8899	C	T	1051	0.091	C	T	1051	0.0523
8899	C	A	1051	0.001				
8899	C	G	1051	0.001				
8899	C	T	1051	0.091				
8899	C	A	1051	0.001				
8899	C	G	1051	0.001				
9046	T	C	1035	0.193	T	C	1032	0.1415
9046	T	A	1035	0.059				
9046	T	C	1035	0.193				
9046	T	A	1035	0.059	T	A	1032	0.0543
9046	T	C	1035	0.193				
9046	T	A	1035	0.059				
9197	G	A	992	0.094	G	A	992	0.0948
9197	G	C	992	0.05				
9197	G	T	992	0.002				
9204	A	G	987	0.106	A	G	985	0.1066
9204	A	C	987	0.002				
9277	G	A	971	0.096	G	A	964	0.0519
9277	G	T	971	0.001				
9277	G	A	971	0.096				
9277	G	T	971	0.001				
9322	A	G	978	0.101				
9322	A	T	978	0.039				
9322	A	G	978	0.101				
9322	A	T	978	0.039	A	T	976	0.0031
9330	C	T	980	0.1	C	T	979	0.0582
9330	C	A	980	0.001				
9330	C	G	980	0.001				
9374	C	T	983	0.102	C	T	980	0.102
9374	C	A	983	0.002				
9385	A	G	977	0.144	A	G	981	0.0928
9385	A	C	977	0.003				
9385	A	T	977	0.001				
9385	A	G	977	0.144				
9385	A	C	977	0.003				
9385	A	T	977	0.001				
9459	C	T	961	0.161	C	T	961	0.1613
9459	C	G	961	0.003				
9459	C	A	961	0.002				
9485	A	G	943	0.091	A	G	942	0.0913
9485	A	C	943	0.004				
9485	A	T	943	0.001				
9595	G	A	977	0.112	G	A	976	0.1117
9595	G	T	977	0.003				
9595	G	C	977	0.002				
9657	T	C	972	0.172	T	C	962	0.1112
9657	T	G	972	0.051				
9657	T	A	972	0.001				
9657	T	C	972	0.172				
9657	T	G	972	0.051	T	G	962	0.0509
9657	T	A	972	0.001				
9669	G	A	982	0.116	G	A	978	0.1166
9669	G	C	982	0.001				
9676	T	C	984	0.226	T	C	993	0.1672
9676	T	G	984	0.039				
9676	T	A	984	0.003				
9676	T	C	984	0.226				
9676	T	G	984	0.039				
9676	T	A	984	0.003				
9676	T	C	984	0.226				
9676	T	G	984	0.039				
9676	T	A	984	0.003				
9788	G	A	992	0.149	G	A	987	0.1479
9788	G	T	992	0.002				
9788	G	C	992	0.001				
9799	A	G	963	0.151	A	G	986	0.144
9799	A	C	963	0.002				
9932	A	G	983	0.186	A	G	973	0.1069
9932	A	C	983	0.003				
9955	C	T	934	0.115	C	T	971	0.105
9955	C	G	934	0.093				
9955	C	A	934	0.004				
9955	C	T	934	0.115				
9955	C	G	934	0.093	C	G	971	0.0474
9955	C	A	934	0.004				
9979	G	A	997	0.092	G	A	996	0.0924
9979	G	T	997	0.002				
9979	G	C	997	0.001				
9984	G	A	997	0.09	G	A	995	0.0905
9988	G	A	999	0.102	G	A	987	0.0547
9988	G	T	999	0.053				
9988	G	A	999	0.102				
9988	G	T	999	0.053	G	T	987	0.0507
9990	G	A	997	0.092	G	A	988	0.0901
9990	G	T	997	0.001				
9990	G	A	997	0.092				
9990	G	T	997	0.001				
10037	G	A	981	0.1	G	A	978	0.0562
10037	G	T	981	0.002				
10037	G	C	981	0.001				
10176	C	T	1006	0.088				
10176	C	A	1006	0.062	C	A	1007	0.0596
10176	C	G	1006	0.001				
10176	C	T	1006	0.088	C	T	1007	0.0516
10176	C	A	1006	0.062				
10176	C	G	1006	0.001				
10176	C	T	1006	0.088				
10176	C	A	1006	0.062				
10176	C	G	1006	0.001				
10237	A	T	968	0.093	A	T	964	0.0934
10237	A	G	968	0.003				
10237	A	C	968	0.002				
10346	T	C	981	0.097	T	C	971	0.0494
10438	G	A	1026	0.103	G	A	1025	0.1034
10438	G	T	1026	0.001				
10521	C	T	1008	0.132	C	T	1005	0.0915
10521	C	A	1008	0.001				
10521	C	T	1008	0.132				
10521	C	A	1008	0.001				
10552	G	A	1033	0.097	G	A	1031	0.097
10552	G	T	1033	0.001				
10622	T	C	1034	0.152	T	C	1026	0.152
10622	T	A	1034	0.001				
10622	T	G	1034	0.001				
10741	G	A	1025	0.096	G	A	1017	0.0964
10741	G	T	1025	0.003				
10741	G	C	1025	0.001				
10874	T	C	1010	0.115				
10874	T	A	1010	0.054				
10874	T	G	1010	0.002				
10874	T	C	1010	0.115				
10874	T	A	1010	0.054	T	A	1011	0.0544
10874	T	G	1010	0.002				
10879	G	A	1015	0.107				
10880	T	G	1024	0.105	T	G	1015	0.1025
10880	T	C	1024	0.043				
10880	T	A	1024	0.001				
10880	T	G	1024	0.105				
10880	T	C	1024	0.043	T	C	1015	0.0424
10880	T	A	1024	0.001				
11001	C	T	946	0.101	C	T	946	0.0539
11001	C	A	946	0.001				
11267	C	T	910	0.167	C	T	910	0.167
11267	C	A	910	0.001				
11267	C	G	910	0.001				
11280	A	G	910	0.118				
11280	A	C	910	0.047	A	C	902	0.0443
11325	C	T	940	0.168	C	T	938	0.1677
11325	C	A	940	0.001				
11344	A	T	928	0.105	A	T	927	0.1046
11344	A	G	928	0.001				
11370	C	T	897	0.052	C	T	925	0.0497
11370	C	A	897	0.001				
11412	A	T	993	0.098	A	T	993	0.0967
11412	A	G	993	0.001				
11504	G	A	1031	0.099				
11504	G	T	1031	0.001				
11504	G	A	1031	0.099	G	A	1029	0.0486
11504	G	T	1031	0.001				
11673	T	C	1025	0.1	T	C	1022	0.0988
11673	T	G	1025	0.002				
11673	T	A	1025	0.001				
11808	T	C	1023	0.171	T	C	1026	0.1696
11808	T	C	1023	0.171				
11824	T	C	1011	0.154	T	C	1002	0.1048
11824	T	A	1011	0.001				
11827	A	G	1019	0.1	A	G	1017	0.0973
11827	A	C	1019	0.057				
11827	A	G	1019	0.1				
11827	A	C	1019	0.057				
11827	A	G	1019	0.1				
11827	A	C	1019	0.057	A	C	1017	0.0059
11887	G	A	997	0.216	G	A	986	0.212
11887	G	T	997	0.002				
11891	A	G	997	0.096	A	G	993	0.0967
11891	A	C	997	0.002				
11891	A	T	997	0.001				
11911	A	G	991	0.152	A	G	979	0.1062
11911	A	C	991	0.051				
11911	A	G	991	0.152				
11911	A	C	991	0.051	A	C	979	0.048
11972	G	A	979	0.146	G	A	981	0.1019
11972	G	C	979	0.002				
11972	G	A	979	0.146				
11972	G	C	979	0.002				
12038	T	C	991	0.21	T	C	979	0.1604
12038	T	C	991	0.21				
12099	T	C	962	0.218	T	C	963	0.1184
12099	T	A	962	0.001				
12099	T	C	962	0.218				
12099	T	A	962	0.001				
12099	T	C	962	0.218				
12099	T	A	962	0.001				
12124	A	G	964	0.136	A	G	957	0.093
12124	A	T	964	0.062				
12197	G	A	950	0.158	G	A	950	0.1579
12197	G	C	950	0.001				
12217	T	G	953	0.098				
12217	T	C	953	0.055	T	C	952	0.0536
12217	T	A	953	0.001				
12217	T	G	953	0.098				
12217	T	C	953	0.055				
12217	T	A	953	0.001				
12223	C	T	943	0.111				
12223	C	A	943	0.005				
12223	C	T	943	0.111	C	T	938	0.0522
12223	C	A	943	0.005				
12231	T	C	938	0.101	T	C	932	0.0536
12231	T	G	938	0.002				
12231	T	A	938	0.001				
12247	A	G	942	0.151	A	G	939	0.1512
12247	A	C	942	0.003				
12247	A	T	942	0.002				
12304	T	C	924	0.137	T	C	907	0.1389
12304	T	G	924	0.002				
12304	T	A	924	0.001				
12310	T	A	927	0.096				
12310	T	G	927	0.001				
12312	G	T	930	0.096				
12312	G	A	930	0.058				
12312	G	C	930	0.001				
12395	C	T	960	0.131	C	T	954	0.0901
12395	C	T	960	0.131				
12448	A	C	956	0.103	A	C	945	0.1016
12448	A	G	956	0.003				
12459	G	C	967	0.091				
12459	G	A	967	0.001				
12466	T	C	976	0.109	T	C	974	0.1088
12466	T	G	976	0.001				
12504	C	T	974	0.124	C	T	973	0.0668
12504	C	A	974	0.004				
12504	C	G	974	0.002				
12552	T	C	1003	0.156	T	C	1002	0.1557
12552	T	G	1003	0.004				
12552	T	A	1003	0.001				
12576	A	G	997	0.106	A	G	940	0.0596
12760	G	C	989	0.1	G	C	982	0.0519
12760	G	T	989	0.001				
12760	G	C	989	0.1				
12760	G	T	989	0.001				
12872	A	T	1001	0.09	A	T	1001	0.0889
12872	A	G	1001	0.051				
12872	A	C	1001	0.001				
12872	A	T	1001	0.09				
12872	A	G	1001	0.051	A	G	1001	0.0509
12872	A	C	1001	0.001				
12944	A	G	977	0.162	A	G	963	0.1495
12944	A	T	977	0.001				
12949	A	C	974	0.094	A	C	971	0.0587
12949	A	T	974	0.002				
12949	A	C	974	0.094				
12949	A	T	974	0.002				
13066	A	G	979	0.191	A	G	981	0.1325
13066	A	C	979	0.001				
13066	A	G	979	0.191				
13066	A	C	979	0.001				
13112	A	G	987	0.134				
13238	G	A	960	0.094	G	A	967	0.0538
13238	G	T	960	0.003				
13238	G	C	960	0.002				
13238	G	A	960	0.094				
13238	G	T	960	0.003				
13238	G	C	960	0.002				
13307	G	A	939	0.16				
13307	G	C	939	0.002				
13307	G	T	939	0.001				
13307	G	A	939	0.16	G	A	973	0.0524
13307	G	C	939	0.002				
13307	G	T	939	0.001				
13407	C	T	904	0.095	C	T	903	0.0952
13407	C	A	904	0.001				
13417	T	C	906	0.097				
13552	G	A	954	0.09	G	A	954	0.0901
13552	G	C	954	0.002				
13552	G	T	954	0.001				
13557	G	A	945	0.114	G	A	945	0.1132
13557	G	T	945	0.051				
13557	G	A	945	0.114				
13557	G	T	945	0.051	G	T	945	0.0508
13708	G	A	1005	0.22	G	A	994	0.2173
13708	G	C	1005	0.039				
13708	G	T	1005	0.002				
13708	G	A	1005	0.22				
13708	G	C	1005	0.039	G	C	994	0.0372
13708	G	T	1005	0.002				
13769	A	G	967	0.092	A	G	997	0.0863
13769	A	C	967	0.001				
13876	C	T	999	0.12	C	T	997	0.1194
13876	C	A	999	0.002				
13896	C	T	1002	0.167	C	T	997	0.0792
13896	C	A	1002	0.001				
13896	C	T	1002	0.167				
13896	C	A	1002	0.001				
13912	A	G	994	0.09	A	G	988	0.0901
13912	A	C	994	0.002				
13913	A	C	991	0.117				
13913	A	G	991	0.087				
13913	A	T	991	0.063	A	T	985	0.0629
13913	A	C	991	0.117	A	C	985	0.0558
13913	A	G	991	0.087				
13913	A	T	991	0.063				
13913	A	C	991	0.117				
13913	A	G	991	0.087				
13913	A	T	991	0.063				
13913	A	C	991	0.117				
13913	A	G	991	0.087				
13913	A	T	991	0.063				
13913	A	C	991	0.117				
13913	A	G	991	0.087	AGAA	G	985	0.0386
13913	A	T	991	0.063				
13932	A	G	989	0.192	A	G	987	0.1449
13932	A	C	989	0.002				
13932	A	G	989	0.192				
13932	A	C	989	0.002				
13936	T	C	972	0.315	T	C	969	0.2136
13936	T	A	972	0.001				
13936	T	G	972	0.001				
13936	T	C	972	0.315				
13936	T	A	972	0.001				
13936	T	G	972	0.001				
13975	G	A	980	0.121	G	A	980	0.1214
13975	G	C	980	0.002				
14027	T	C	993	0.166	T	C	993	0.1662
14027	T	A	993	0.002				
14027	T	G	993	0.001				
14147	A	G	947	0.15	A	G	995	0.1377
14147	A	C	947	0.001				
14147	A	T	947	0.001				
14241	A	G	1003	0.084				
14241	A	C	1003	0.002				
14241	A	G	1003	0.084	A	G	1007	0.0338
14241	A	C	1003	0.002				
14296	A	G	994	0.131	A	G	994	0.1308
14296	A	C	994	0.003				
14334	C	T	983	0.098				
14334	C	A	983	0.001				
14334	C	G	983	0.001				
14334	C	T	983	0.098	C	T	978	0.0409
14334	C	A	983	0.001				
14334	C	G	983	0.001				
14426	G	A	1000	0.149	G	A	996	0.1456
14426	G	C	1000	0.003				
14426	G	T	1000	0.001				
14426	G	A	1000	0.149				
14426	G	C	1000	0.003				
14426	G	T	1000	0.001				
14427	C	T	995	0.096	C	T	992	0.0958
14427	C	A	995	0.002				
14437	T	C	966	0.2	T	C	964	0.1483
14437	T	G	966	0.003				
14437	T	A	966	0.001				
14437	T	C	966	0.2				
14437	T	G	966	0.003				
14437	T	A	966	0.001				
14491	C	T	996	0.089	C	T	994	0.0453
14491	C	A	996	0.003				
14491	C	G	996	0.001				
14541	A	G	967	0.144	A	G	966	0.1429
14541	A	C	967	0.001				
14567	G	C	988	0.109				
14567	G	T	988	0.002				
14567	G	A	988	0.001				
14639	C	T	946	0.152	C	T	944	0.1006
14639	C	G	946	0.002				
14639	C	A	946	0.001				
14775	C	T	974	0.098				
14775	C	A	974	0.002				
14775	C	G	974	0.001				
14801	C	T	951	0.098				
14801	C	A	951	0.047				
14801	C	G	951	0.001				
14801	C	T	951	0.098				
14801	C	A	951	0.047	C	A	948	0.0443
14801	C	G	951	0.001				
14809	C	A	956	0.093	C	A	951	0.0925
14809	C	T	956	0.045				
14809	C	G	956	0.001				
14809	C	A	956	0.093				
14809	C	T	956	0.045				
14809	C	G	956	0.001				
14839	T	C	965	0.141	T	C	962	0.1403
14839	T	A	965	0.001				
14839	T	G	965	0.001				
14877	T	A	952	0.112	T	A	955	0.0639
14877	T	C	952	0.002				
14877	T	A	952	0.112				
14877	T	C	952	0.002				
14960	T	C	981	0.168	T	C	979	0.1685
14960	T	G	981	0.003				
14960	T	A	981	0.001				
14996	A	T	975	0.102	A	T	973	0.1017
14996	A	G	975	0.001				
15109	C	G	976	0.092	C	G	968	0.093
15109	C	A	976	0.002				
15200	G	A	923	0.108	G	A	941	0.101
15200	G	C	923	0.059				
15200	G	T	923	0.055				
15200	G	A	923	0.108				
15200	G	C	923	0.059				
15200	G	T	923	0.055	G	T	941	0.051
15269	T	C	1016	0.141	T	C	1011	0.094
15269	T	C	1016	0.141				
15279	T	C	997	0.1	T	C	992	0.0988
15279	T	G	997	0.043				
15279	T	A	997	0.002				
15284	A	G	991	0.209	A	G	988	0.1569
15284	A	G	991	0.209				
15337	T	C	1004	0.17				
15337	T	G	1004	0.095	T	G	992	0.0917
15337	T	A	1004	0.047				
15337	T	C	1004	0.17				
15337	T	G	1004	0.095				
15337	T	A	1004	0.047				
15337	T	C	1004	0.17	T	C	992	0.0544
15337	T	G	1004	0.095				
15337	T	A	1004	0.047				
15337	T	C	1004	0.17				
15337	T	G	1004	0.095				
15337	T	A	1004	0.047				
15337	T	C	1004	0.17				
15337	T	G	1004	0.095				
15337	T	A	1004	0.047	T	A	992	0.0464
15367	C	T	962	0.1				
15367	C	A	962	0.001				
15367	C	G	962	0.001				
15367	C	T	962	0.1	C	T	1009	0.0456
15367	C	A	962	0.001				
15367	C	G	962	0.001				
15367	C	T	962	0.1				
15367	C	A	962	0.001	CC	A	1011	0.0455
15367	C	G	962	0.001				
15499	C	T	1019	0.169	C	T	1021	0.1136
15499	C	A	1019	0.002				
15499	C	G	1019	0.001				
15499	C	T	1019	0.169				
15499	C	A	1019	0.002				
15499	C	G	1019	0.001				
15551	A	G	1049	0.104	A	G	1046	0.1042
15551	A	C	1049	0.001				
15619	A	G	1010	0.151	A	G	1012	0.1067
15619	A	C	1010	0.065				
15619	A	G	1010	0.151				
15619	A	C	1010	0.065	A	C	1012	0.0603
15619	A	G	1010	0.151				
15619	A	C	1010	0.065				
15731	A	G	1005	0.113	A	G	1005	0.1124
15731	A	C	1005	0.002				
15767	C	T	1004	0.153	C	T	998	0.1092
15767	C	A	1004	0.002				
15800	T	C	982	0.126	T	C	976	0.127
15800	T	A	982	0.035				
15800	T	G	982	0.003				
15804	A	G	989	0.102	A	G	978	0.0982
15804	A	C	989	0.049				
15804	A	T	989	0.001				
15804	A	G	989	0.102				
15804	A	C	989	0.049	A	C	978	0.046
15804	A	T	989	0.001				
15824	A	G	995	0.097	A	G	990	0.097
15824	A	C	995	0.004				
15824	A	T	995	0.001				
15993	C	T	953	0.097	C	T	948	0.0949
15993	C	A	953	0.004				
15993	C	G	953	0.001				
16000	A	G	936	0.112	A	G	935	0.1123
16000	A	C	936	0.001				
16000	A	T	936	0.001				
16125	T	C	956	0.101	T	C	956	0.0649
16125	T	C	956	0.101				
16340	C	T	966	0.092	C	T	966	0.0921
16340	C	A	966	0.002				
16340	C	G	966	0.002				
16476	C	G	982	0.093	C	G	977	0.0901
16476	C	T	982	0.053				
16476	C	G	982	0.093				
16476	C	T	982	0.053	C	T	977	0.0522
16486	G	A	994	0.093				
16486	G	T	994	0.064	G	T	985	0.0619
16718	C	T	963	0.113	C	T	1003	0.1087
16718	C	A	963	0.003				
16718	C	G	963	0.001				
16819	A	C	984	0.1	A	C	976	0.0533
16819	A	G	984	0.068				
16829	T	C	990	0.088	T	C	979	0.047
16829	T	A	990	0.048				
16829	T	G	990	0.001				
16829	T	C	990	0.088				
16829	T	A	990	0.048	T	A	979	0.0449
16829	T	G	990	0.001				
16829	T	C	990	0.088				
16829	T	A	990	0.048				
16829	T	G	990	0.001				
16839	G	A	1011	0.101	G	A	1006	0.1014
16839	G	T	1011	0.001				
16864	C	T	1017	0.144	C	T	1014	0.1381
16864	C	A	1017	0.116				
16864	C	T	1017	0.144				
16864	C	A	1017	0.116	C	A	1014	0.0631
16864	C	T	1017	0.144				
16864	C	A	1017	0.116				
16896	T	C	1000	0.152	T	C	994	0.1087
16896	T	G	1000	0.051				
16896	T	C	1000	0.152				
16896	T	G	1000	0.051	T	G	994	0.0473
16929	G	A	974	0.169	G	A	1020	0.1078
16929	G	T	974	0.049				
16929	G	A	974	0.169				
16929	G	T	974	0.049				
16929	G	A	974	0.169				
16929	G	T	974	0.049	G	T	1020	0.0029
17098	G	A	1096	0.092	G	A	1088	0.0919
17098	G	C	1096	0.003				
17257	T	C	970	0.187	T	C	966	0.1863
17257	T	A	970	0.001				
17320	G	A	969	0.105	G	A	971	0.0628
17320	G	T	969	0.001				
17320	G	A	969	0.105				
17320	G	T	969	0.001				
17402	A	G	950	0.095	A	G	949	0.0537
17402	A	C	950	0.002				
17504	C	T	952	0.178	C	T	948	0.1772
17504	C	A	952	0.099				
17504	C	T	952	0.178				
17504	C	A	952	0.099	C	A	948	0.0981
17588	G	A	947	0.091	G	A	943	0.0891
17588	G	T	947	0.044				
17588	G	A	947	0.091				
17588	G	T	947	0.044	G	T	943	0.0435
17628	C	G	886	0.055	C	G	911	0.0505
17628	C	A	886	0.045				
17628	C	T	886	0.041				
17628	C	G	886	0.055				
17628	C	A	886	0.045	C	A	911	0.0417
17628	C	T	886	0.041				
17628	C	G	886	0.055				
17628	C	A	886	0.045				
17628	C	T	886	0.041	C	T	911	0.0373
17699	C	T	936	0.127	C	T	929	0.0797
17699	C	A	936	0.002				
17770	T	C	965	0.101	T	C	961	0.1009
17770	T	G	965	0.002				
17840	C	T	986	0.316	C	T	989	0.2295
17840	C	G	986	0.002				
17840	C	T	986	0.316				
17840	C	G	986	0.002				
17880	C	T	969	0.095	C	T	967	0.0941
17880	C	A	969	0.002				
17910	A	G	970	0.148	A	G	968	0.1064
17910	A	C	970	0.003				
17945	T	C	904	0.049				
17945	T	A	904	0.001				
17945	T	G	904	0.001				
18090	T	C	936	0.059	T	C	990	0.0545
18090	T	A	936	0.002				
18090	T	G	936	0.001				
18199	C	T	1053	0.098	C	T	1047	0.0974
18199	C	A	1053	0.002				
18199	C	G	1053	0.002				
18303	T	A	1035	0.096	T	A	1030	0.0485
18303	T	C	1035	0.043				
18303	T	G	1035	0.001				
18303	T	A	1035	0.096				
18303	T	C	1035	0.043	T	C	1030	0.0437
18303	T	G	1035	0.001				
18315	A	G	998	0.105	A	G	993	0.1057
18315	A	C	998	0.003				
18315	A	G	998	0.105				
18315	A	C	998	0.003	A	C	993	0.003
18429	A	G	1030	0.14	A	G	1027	0.1402
18429	A	C	1030	0.001				
18478	A	G	1038	0.087	A	G	1032	0.0475
18478	A	G	1038	0.087				
18551	G	A	1027	0.095	G	A	1026	0.0955
18551	G	C	1027	0.001				
18644	T	C	1043	0.112				
18644	T	G	1043	0.004				
18715	G	A	923	0.098				
18715	G	T	923	0.003				
18715	G	C	923	0.001				
18795	C	T	756	0.094	C	T	752	0.0944
18795	C	A	756	0.044				
18842	C	T	632	0.158	C	T	631	0.103
18842	C	G	632	0.054				
18842	C	A	632	0.002				
18842	C	T	632	0.158				
18842	C	G	632	0.054				
18842	C	A	632	0.002				
18842	C	T	632	0.158				
18842	C	G	632	0.054	C	G	631	0.0523
18842	C	A	632	0.002				
18944	A	G	275	0.084	A	G	275	0.0836
18944	A	C	275	0.004				
18944	A	T	275	0.004				
18988	C	T	151	0.139	C	T	151	0.1391
18988	C	G	151	0.013				
18989	C	A	149	0.148	C	A	149	0.1477
18989	C	G	149	0.034				
18989	C	A	149	0.148				
18989	C	G	149	0.034	C	G	149	0.0336
19012	T	C	96	0.167	T	C	96	0.0729
19012	T	C	96	0.167				
19033	T	C	59	0.034	T	C	58	0.0345
19037	A	C	52	0.038	A	C	52	0.0385
19037	A	G	52	0.019				
19041	T	G	44	0.068				
19042	A	G	44	0.091				
19042	A	T	44	0.023				
19060	C	G	18	0.167				
19060	C	T	18	0.111				
